1,최준용,1,"중증 감염, 에이즈, 감염관리, 불명열","http://storage.iseverance.com/2009_adm_img/professor_img/교직원_의과대학_내과학교실_최준용.jpg
",http://sev.iseverance.com/dept_clinic/department/infectious_diseases/doc/docprofile.asp?sno=531&isClinic=
2,구남수,1,"감염질환,발열질환,여행자감염,패혈증","http://storage.iseverance.com/2009_adm_img/professor_img/구남수192447.jpg
",http://sev.iseverance.com/dept_clinic/department/infectious_diseases/doc/docprofile.asp?sno=8384&isClinic=
3,정수진,1,"감염질환,발열질환,여행자감염,패혈증","http://storage.iseverance.com/2009_adm_img/professor_img/감염내과_정수진.jpg
",http://sev.iseverance.com/dept_clinic/department/infectious_diseases/doc/docprofile.asp?sno=7699&isClinic=
4,정인영,1,"감염질환,발열질환","http://storage.iseverance.com/2009_adm_img/professor_img/정인영 20160401.jpeg
",http://sev.iseverance.com/dept_clinic/department/infectious_diseases/doc/docprofile.asp?sno=12777&isClinic=
5,정우용,1,"감염질환,발열질환","http://storage.iseverance.com/2009_adm_img/professor_img/정우용.jpg
",http://sev.iseverance.com/dept_clinic/department/infectious_diseases/doc/docprofile.asp?sno=14070&isClinic=
6,최흔,1,"감염질환,발열질환","http://storage.iseverance.com/2009_adm_img/professor_img/최흔.jpg
",http://sev.iseverance.com/dept_clinic/department/infectious_diseases/doc/docprofile.asp?sno=14389&isClinic=
7,안진영,1,"감염질환, 발열질환, 여행자감염, 패혈증, 종양감염센터, 면역저하자 감염, 이식 후 감염","http://storage.iseverance.com/2009_adm_img/professor_img/안진영_1.jpg
",http://sev.iseverance.com/dept_clinic/department/infectious_diseases/doc/docprofile.asp?sno=24777&isClinic=
8,남기현,2,"갑상선암,부갑상선질환,경부질환, 최소절개 및 로봇 갑상선수술, 기타 내분비외과질환","http://storage.iseverance.com/2009_adm_img/professor_img/교직원_의과대학_외과학교실_남기현.jpg
",http://sev.iseverance.com/dept_clinic/department/thyroid_surgery/doc/docprofile.asp?sno=1423&isClinic=
9,정종주,2,"내분비외과, 갑상선암, 갑상선 수질암 및 유전상담,  1차,2차,3차 부갑상선질환, 경부질환","http://storage.iseverance.com/2009_adm_img/professor_img/교직원_의과대학_외과학교실_정종주.jpg
",http://sev.iseverance.com/dept_clinic/department/thyroid_surgery/doc/docprofile.asp?sno=2566&isClinic=
10,강상욱,2,"내분비외과, 갑상선암, 부갑상선질환, 경부질환, 부신질환, 로봇 & 내시경 수술.","http://storage.iseverance.com/2009_adm_img/professor_img/교직원_의과대학_외과학교실_강상욱.jpg
",http://sev.iseverance.com/dept_clinic/department/thyroid_surgery/doc/docprofile.asp?sno=7650&isClinic=
11,이잔디,2,"내분비외과,갑상선암,부갑상선질환,경부질환,토요 진료(1,3주)","http://storage.iseverance.com/2009_adm_img/professor_img/Jandee Lee.jpg
",http://sev.iseverance.com/dept_clinic/department/thyroid_surgery/doc/docprofile.asp?sno=7651&isClinic=
12,이초록,2,"내분비외과,갑상선암,부갑상선질환,경부질환,토요 진료(1,3주)","http://storage.iseverance.com/2009_adm_img/professor_img/이초록.jpg
",http://sev.iseverance.com/dept_clinic/department/thyroid_surgery/doc/docprofile.asp?sno=7400&isClinic=
13,이슬기,2,,"http://storage.iseverance.com/2009_adm_img/professor_img/이슬기.jpg
",http://sev.iseverance.com/dept_clinic/department/thyroid_surgery/doc/docprofile.asp?sno=11633&isClinic=
14,최정범,2,,"http://storage.iseverance.com/2009_adm_img/professor_img/최정범.jpg
",http://sev.iseverance.com/dept_clinic/department/thyroid_surgery/doc/docprofile.asp?sno=11634&isClinic=
15,김민지,2,,"http://storage.iseverance.com/2009_adm_img/professor_img/김민지 선생님(0).jpg
",http://sev.iseverance.com/dept_clinic/department/thyroid_surgery/doc/docprofile.asp?sno=11631&isClinic=
16,김광순,2,,"http://storage.iseverance.com/2009_adm_img/professor_img/김광순(0).jpg
",http://sev.iseverance.com/dept_clinic/department/thyroid_surgery/doc/docprofile.asp?sno=14421&isClinic=
17,김원웅,2,외과,"http://storage.iseverance.com/2009_adm_img/professor_img/김원웅(0).jpg
",http://sev.iseverance.com/dept_clinic/department/thyroid_surgery/doc/docprofile.asp?sno=14422&isClinic=
23,임승길,3,"<내분비내과> 골다공증,갑상선,당뇨병",http://storage.iseverance.com/2009_adm_img/professor_img/임승길.jpg,http://sev.iseverance.com/dept_clinic/department/endocrinology_metabolism/doc/docprofile.asp?sno=85&isClinic=
24,이은직,3,"(1)   뇌하수체 전문 크리닉 (종양, 말단비대증, 프로락틴종양, 쿠싱병, 뇌하수체기능저하, 성장호르몬결핍)(2)   갑상선 질환크리닉 (항진증, 저하증, 갑상선 안구병증)",http://storage.iseverance.com/2009_adm_img/professor_img/교직원_의과대학_내과학교실_이은직.jpg,http://sev.iseverance.com/dept_clinic/department/endocrinology_metabolism/doc/docprofile.asp?sno=1734&isClinic=
25,차봉수,3,"당뇨병, 대사증후군",http://storage.iseverance.com/2009_adm_img/professor_img/교직원_의과대학_내과학교실_차봉수.jpg,http://sev.iseverance.com/dept_clinic/department/endocrinology_metabolism/doc/docprofile.asp?sno=86&isClinic=
26,강은석,3,"<내분비내과> 당뇨병(제1형, 제2형, 임신성), 대사증후군, 고지혈증, 이상지질혈증, 장기이식당뇨병, 당뇨병전단계, 갑상선 양성질환",http://storage.iseverance.com/2009_adm_img/professor_img/강은석(0).jpg,http://sev.iseverance.com/dept_clinic/department/endocrinology_metabolism/doc/docprofile.asp?sno=1021&isClinic=
27,이유미,3,"질환명 : 골다공증, 부갑상선기능항진증, 부갑상선기능저하증, 내분비희귀질환(쿠싱증후군, 알도스테론증, 갈색세포종, 선천성 부신증식증, 애디슨병, 다발성 내분비성 종양)검사이상 : ",http://storage.iseverance.com/2009_adm_img/professor_img/교직원_의과대학_내과학교실_이유미.jpg,http://sev.iseverance.com/dept_clinic/department/endocrinology_metabolism/doc/docprofile.asp?sno=1028&isClinic=
28,이병완,3,"당뇨병, 고지혈증, 지단백 대사장애, 비만, 대사증후군, 저혈당",http://storage.iseverance.com/2009_adm_img/professor_img/교직원_의과대학_내과학교실_이병완.jpg,http://sev.iseverance.com/dept_clinic/department/endocrinology_metabolism/doc/docprofile.asp?sno=3029&isClinic=
29,조영석,3,"<내분비내과> 갑상선암,갑상선기능이상,갑상선질환관련 대사이상",http://storage.iseverance.com/2009_adm_img/professor_img/조영석_1.jpg,http://sev.iseverance.com/dept_clinic/department/endocrinology_metabolism/doc/docprofile.asp?sno=7645&isClinic=
30,이용호,3,"당뇨병, 대사증후군, 갑상선, 내분비질환",http://storage.iseverance.com/2009_adm_img/professor_img/이용호170330_(0).jpg,http://sev.iseverance.com/dept_clinic/department/endocrinology_metabolism/doc/docprofile.asp?sno=11497&isClinic=
31,신동엽,3,"<내분비내과> 갑상선암,갑상선기능이상,갑상선질환관련 대사이상",http://storage.iseverance.com/2009_adm_img/professor_img/교직원_의과대학_내과학교실_신동엽.jpg,http://sev.iseverance.com/dept_clinic/department/endocrinology_metabolism/doc/docprofile.asp?sno=3068&isClinic=
32,구철룡,3,"뇌하수체 종양 : 말단비대증, 프로락틴종양, 쿠싱병, 뇌하수체기능저하, 사춘기 발육장애, 성장호르몬결핍 비암 갑상선 질환 : 항진증, 저하증, 결절 부신종양",http://storage.iseverance.com/2009_adm_img/professor_img/구철룡교수.jpg,http://sev.iseverance.com/dept_clinic/department/endocrinology_metabolism/doc/docprofile.asp?sno=11453&isClinic=
33,박세희,3,"갑상선, 당뇨병, 골다공증, 내분비질환",http://storage.iseverance.com/2009_adm_img/professor_img/박세희.jpg,http://sev.iseverance.com/dept_clinic/department/endocrinology_metabolism/doc/docprofile.asp?sno=11530&isClinic=
34,김다함,3,"갑상선, 당뇨병, 골다공증, 내분비질환",http://storage.iseverance.com/2009_adm_img/professor_img/김다함_내분비내과강사.jpg,http://sev.iseverance.com/dept_clinic/department/endocrinology_metabolism/doc/docprofile.asp?sno=13949&isClinic=
35,이민영,3,"당뇨병,갑상선,골다공증,기타 내분비질환",http://storage.iseverance.com/2009_adm_img/professor_img/이민영(0).jpg,http://sev.iseverance.com/dept_clinic/department/endocrinology_metabolism/doc/docprofile.asp?sno=13951&isClinic=
36,홍남기,3,"골다공증, 골대사질환, 갑상선, 당뇨병, 기타 내분비질환",http://storage.iseverance.com/2009_adm_img/professor_img/홍남기.bmp,http://sev.iseverance.com/dept_clinic/department/endocrinology_metabolism/doc/docprofile.asp?sno=13950&isClinic=
37,이영기,3,,http://storage.iseverance.com/2009_obj_isev/images/professor_no_picture.jpg,http://sev.iseverance.com/dept_clinic/department/endocrinology_metabolism/doc/docprofile.asp?sno=14367&isClinic=
38,조용인,3,,http://storage.iseverance.com/2009_obj_isev/images/professor_no_picture.jpg,http://sev.iseverance.com/dept_clinic/department/endocrinology_metabolism/doc/docprofile.asp?sno=14368&isClinic=
54,김남규,4,"<대장항문외과> 대장암,직장암,최소 침습 수술(복강경/로봇 수술)","http://storage.iseverance.com/2009_adm_img/professor_img/김남규 상반신 사진 ( 2014-4).jpg",http://sev.iseverance.com/dept_clinic/department/colorectal_surgery/doc/docprofile.asp?sno=409&isClinic=
55,이강영,4,"<대장항문외과> 대장 직장암, 복강경 수술, 로봇 수술",http://storage.iseverance.com/2009_adm_img/professor_img/그림1_9.jpg,http://sev.iseverance.com/dept_clinic/department/colorectal_surgery/doc/docprofile.asp?sno=265&isClinic=
56,민병소,4,"<대장항문외과> 대장암,직장암.항문질환.최소 침습 수술(복강경/로봇 수술)",http://storage.iseverance.com/2009_adm_img/professor_img/교직원_의과대학_외과학교실_민병소.jpg,http://sev.iseverance.com/dept_clinic/department/colorectal_surgery/doc/docprofile.asp?sno=1991&isClinic=
57,허혁,4,"<대장항문외과> 대장암,직장암,최소 침습 수술(복강경/로봇 수술), 탈장",http://storage.iseverance.com/2009_adm_img/professor_img/교직원_의과대학_외과학교실_허혁.jpg,http://sev.iseverance.com/dept_clinic/department/colorectal_surgery/doc/docprofile.asp?sno=13873&isClinic=
58,조민수,4,"<대장항문외과> 대장암,직장암,최소 침습 수술(복강경/로봇 수술),염증성 장질환",http://storage.iseverance.com/2009_adm_img/professor_img/조민수(0).jpg,http://sev.iseverance.com/dept_clinic/department/colorectal_surgery/doc/docprofile.asp?sno=11458&isClinic=
59,한윤대,4,"<대장항문외과> 대장암, 직장암, 항문질환, 최소 침습수술(복강경/로봇 수술)",http://storage.iseverance.com/2009_adm_img/professor_img/한윤대1.jpg,http://sev.iseverance.com/dept_clinic/department/colorectal_surgery/doc/docprofile.asp?sno=12660&isClinic=
60,윤지호,4,,http://storage.iseverance.com/2009_adm_img/professor_img/윤지호.jpg,http://sev.iseverance.com/dept_clinic/department/colorectal_surgery/doc/docprofile.asp?sno=12805&isClinic=
61,박윤영,4,,http://storage.iseverance.com/2009_adm_img/professor_img/박윤영.jpg,http://sev.iseverance.com/dept_clinic/department/colorectal_surgery/doc/docprofile.asp?sno=12804&isClinic=
62,양승윤,4,,http://storage.iseverance.com/2009_adm_img/professor_img/양승윤.jpg,http://sev.iseverance.com/dept_clinic/department/colorectal_surgery/doc/docprofile.asp?sno=14052&isClinic=
63,한명현,4,,http://storage.iseverance.com/2009_adm_img/professor_img/한명현.jpg,http://sev.iseverance.com/dept_clinic/department/colorectal_surgery/doc/docprofile.asp?sno=14053&isClinic=
64,이종민,4,,http://storage.iseverance.com/2009_adm_img/professor_img/이종민(0).jpg,http://sev.iseverance.com/dept_clinic/department/colorectal_surgery/doc/docprofile.asp?sno=14417&isClinic=
69,박용범,5,"류마티스관절염, 통풍, 강직성척추염, 전신홍반루푸스, 타카야수 혈관염",http://storage.iseverance.com/2009_adm_img/professor_img/박용범(0).jpg,http://sev.iseverance.com/dept_clinic/department/rheumatology/doc/docprofile.asp?sno=88&isClinic=
70,이상원,5,"류마티스 관절염, 전신홍반루푸스, 통풍, 강직성 척추염, 베체트병, 혈관염",http://storage.iseverance.com/2009_adm_img/professor_img/교직원_의과대학_내과학교실_이상원.jpg,http://sev.iseverance.com/dept_clinic/department/rheumatology/doc/docprofile.asp?sno=3350&isClinic=
71,송정식,5,"<류마티스내과> 류마티스관절염, 골관절염, 강직성척추염, 통풍, 루푸스",http://storage.iseverance.com/2009_adm_img/professor_img/교직원_의과대학_내과학교실_송정식.jpg,http://sev.iseverance.com/dept_clinic/department/rheumatology/doc/docprofile.asp?sno=4078&isClinic=
72,정승민,5,"류마티스관절염, 강직성척추염, 통풍, 자가면역질환",http://storage.iseverance.com/2009_adm_img/professor_img/정승민교수.jpg,http://sev.iseverance.com/dept_clinic/department/rheumatology/doc/docprofile.asp?sno=12724&isClinic=
73,안성수,5,"관절염,결합조직 질환",http://storage.iseverance.com/2009_adm_img/professor_img/184764안성수.jpg,http://sev.iseverance.com/dept_clinic/department/rheumatology/doc/docprofile.asp?sno=12779&isClinic=
74,박은성,5,"관절염,결합조직 질환",http://storage.iseverance.com/2009_adm_img/professor_img/박은성교수.JPG,http://sev.iseverance.com/dept_clinic/department/rheumatology/doc/docprofile.asp?sno=13954&isClinic=
76,김호근,6,"<병리과> 소화기병리학, 분자병리학",http://storage.iseverance.com/2009_adm_img/professor_img/교직원_의과대학_병리학교실_김호근.jpg,http://sev.iseverance.com/dept_clinic/department/pathology/doc/docprofile.asp?sno=38&isClinic=
77,정현주,6,신장병리면역병리,http://storage.iseverance.com/2009_adm_img/professor_img/교직원_의과대학_병리학교실_정현주.jpg,http://sev.iseverance.com/dept_clinic/department/pathology/doc/docprofile.asp?sno=44&isClinic=
78,양우익,6,"혈액병리, 연부/골병리, 법의학",http://storage.iseverance.com/2009_adm_img/professor_img/교직원_의과대학_병리학교실_양우익.jpg,http://sev.iseverance.com/dept_clinic/department/pathology/doc/docprofile.asp?sno=42&isClinic=
79,조남훈,6,"요로생식기 병리 및 분자병리",http://storage.iseverance.com/2009_adm_img/professor_img/교직원_의과대학_병리학교실_조남훈.jpg,http://sev.iseverance.com/dept_clinic/department/pathology/doc/docprofile.asp?sno=45&isClinic=
80,박영년,6,"<병리과> 간병리소화기병리분자병리",http://storage.iseverance.com/2009_adm_img/professor_img/교직원_의과대학_병리학교실_박영년.jpg,http://sev.iseverance.com/dept_clinic/department/pathology/doc/docprofile.asp?sno=39&isClinic=
81,김세훈,6,"신경병리, 세포병리",http://storage.iseverance.com/2009_adm_img/professor_img/교직원_의과대학_병리학교실_김세훈.jpg,http://sev.iseverance.com/dept_clinic/department/pathology/doc/docprofile.asp?sno=315&isClinic=
82,심효섭,6,"<병리과> 폐병리, 분자병리",http://storage.iseverance.com/2009_adm_img/professor_img/교직원_의과대학_병리학교실_심효섭.jpg,http://sev.iseverance.com/dept_clinic/department/pathology/doc/docprofile.asp?sno=2903&isClinic=
83,구자승,6,"유방병리, 갑상선병리",http://storage.iseverance.com/2009_adm_img/professor_img/교직원_의과대학_병리학교실_구자승.jpg,http://sev.iseverance.com/dept_clinic/department/pathology/doc/docprofile.asp?sno=2902&isClinic=
84,김현기,6,"<병리과> 위장관병리, 분자병리",http://storage.iseverance.com/2009_adm_img/professor_img/교직원_의과대학_병리학교실_김현기.jpg,http://sev.iseverance.com/dept_clinic/department/pathology/doc/docprofile.asp?sno=3175&isClinic=
85,윤선옥,6,"<병리과> 혈액병리, 두경부병리, 분자병리",http://storage.iseverance.com/2009_adm_img/professor_img/교직원_의과대학_병리학교실_윤선옥.jpg,http://sev.iseverance.com/dept_clinic/department/pathology/doc/docprofile.asp?sno=3348&isClinic=
86,김상겸,6,"피부병리, 골 및 연부조직 병리",http://storage.iseverance.com/2009_adm_img/professor_img/증명사진_30.JPG,http://sev.iseverance.com/dept_clinic/department/pathology/doc/docprofile.asp?sno=11494&isClinic=
87,김현수,6,부인과병리,http://storage.iseverance.com/2009_obj_isev/images/professor_no_picture.jpg,http://sev.iseverance.com/dept_clinic/department/pathology/doc/docprofile.asp?sno=12700&isClinic=
88,김혜민,6,,http://storage.iseverance.com/2009_obj_isev/images/professor_no_picture.jpg,http://sev.iseverance.com/dept_clinic/department/pathology/doc/docprofile.asp?sno=12734&isClinic=
89,조정현,6,,http://storage.iseverance.com/2009_adm_img/professor_img/병리과-조정현-01.jpg,http://sev.iseverance.com/dept_clinic/department/pathology/doc/docprofile.asp?sno=13476&isClinic=
90,김은경,6,,http://storage.iseverance.com/2009_obj_isev/images/professor_no_picture.jpg,http://sev.iseverance.com/dept_clinic/department/pathology/doc/docprofile.asp?sno=13998&isClinic=
91,남지해,6,,http://storage.iseverance.com/2009_obj_isev/images/professor_no_picture.jpg,http://sev.iseverance.com/dept_clinic/department/pathology/doc/docprofile.asp?sno=13999&isClinic=
92,라기용,6,,http://storage.iseverance.com/2009_obj_isev/images/professor_no_picture.jpg,http://sev.iseverance.com/dept_clinic/department/pathology/doc/docprofile.asp?sno=14390&isClinic=
107,홍성준,7,"<비뇨기과> 전립선암,방광암,신장암,전립선 비대증,로봇수술",http://storage.iseverance.com/2009_adm_img/professor_img/0_doc_hsj.jpg,http://sev.iseverance.com/dept_clinic/department/urololgy/doc/docprofile.asp?sno=295&isClinic=
108,최영득,7,"<비뇨기과> 전립선암, 로봇수술, 신장암, 방광암, 부신암, 고환암, 음경암, 요도암, 후복막암, 기타",http://storage.iseverance.com/2009_adm_img/professor_img/ydchoi1_1.jpg,http://sev.iseverance.com/dept_clinic/department/urololgy/doc/docprofile.asp?sno=292&isClinic=
109,나군호,7,"<비뇨기과> 로봇/복강경 수술,전립선암,신장암,국제/외국인 진료",http://storage.iseverance.com/2009_adm_img/professor_img/교직원_의과대학_비뇨기과학교실_나군호.jpg,http://sev.iseverance.com/dept_clinic/department/urololgy/doc/docprofile.asp?sno=285&isClinic=
110,김장환,7,"전립선비대,배뇨장애(과민성방광,야간빈뇨,요실금),간질성방광염,요로결석,여성비뇨(여성골반탈출증 특수클리닉)",http://storage.iseverance.com/2009_adm_img/professor_img/교직원_의과대학_비뇨기과학교실_김장환.jpg,http://sev.iseverance.com/dept_clinic/department/urololgy/doc/docprofile.asp?sno=1290&isClinic=
111,한웅규,7,"<비뇨기과> 신장암,신우/요관암,로봇/복강경 수술,전립선 비대증",http://storage.iseverance.com/2009_adm_img/professor_img/교직원_의과대학_비뇨기과학교실_한웅규.jpg,http://sev.iseverance.com/dept_clinic/department/urololgy/doc/docprofile.asp?sno=1697&isClinic=
112,함원식,7,"<비뇨기과> 방광암,신우/요관암,전립선암,신장암,고환암,로봇/복강경 수술,비대증","http://storage.iseverance.com/2009_adm_img/professor_img/2014 (edit) 함원식 교수님 증명사진.jpg",http://sev.iseverance.com/dept_clinic/department/urololgy/doc/docprofile.asp?sno=2589&isClinic=
113,이승환,7,"<비뇨기과>비뇨기암,배뇨장애,요로결석,요로감염","http://storage.iseverance.com/2009_adm_img/professor_img/비뇨기과 04 이승환 (수정)_1.bmp",http://sev.iseverance.com/dept_clinic/department/urololgy/doc/docprofile.asp?sno=2773&isClinic=
114,이주용,7,"<비뇨기과> 요로결석, 혈뇨, 전립선, 남성성기능, 로봇/복강경 수술, 비뇨기암, 일반비뇨",http://storage.iseverance.com/2009_adm_img/professor_img/이주용(0).jpg,http://sev.iseverance.com/dept_clinic/department/urololgy/doc/docprofile.asp?sno=7670&isClinic=
115,장원식,7,"<비뇨기과> 혈뇨, 전립선, 결석, 비뇨기암, 항암치료, 로봇/복강경 수술","http://storage.iseverance.com/2009_adm_img/professor_img/장원식 (4).jpg",http://sev.iseverance.com/dept_clinic/department/urololgy/doc/docprofile.asp?sno=14224&isClinic=
116,손희서,7,,"http://storage.iseverance.com/2009_adm_img/professor_img/소아비뇨기과 손희서_1.JPG",http://sev.iseverance.com/dept_clinic/department/urololgy/doc/docprofile.asp?sno=7802&isClinic=
117,장기돈,7,,http://storage.iseverance.com/2009_adm_img/professor_img/장기돈.JPG,http://sev.iseverance.com/dept_clinic/department/urololgy/doc/docprofile.asp?sno=13205&isClinic=
118,김종찬,7,,http://storage.iseverance.com/2009_obj_isev/images/professor_no_picture.jpg,http://sev.iseverance.com/dept_clinic/department/urololgy/doc/docprofile.asp?sno=14392&isClinic=
119,나준채,7,,http://storage.iseverance.com/2009_obj_isev/images/professor_no_picture.jpg,http://sev.iseverance.com/dept_clinic/department/urololgy/doc/docprofile.asp?sno=14393&isClinic=
120,박재원,7,,http://storage.iseverance.com/2009_obj_isev/images/professor_no_picture.jpg,http://sev.iseverance.com/dept_clinic/department/urololgy/doc/docprofile.asp?sno=14394&isClinic=
121,고동훈,7,,http://storage.iseverance.com/2009_obj_isev/images/professor_no_picture.jpg,http://sev.iseverance.com/dept_clinic/department/urololgy/doc/docprofile.asp?sno=14395&isClinic=
122,"알롬에어타리크 압둘라지",7,,http://storage.iseverance.com/2009_obj_isev/images/professor_no_picture.jpg,http://sev.iseverance.com/dept_clinic/department/urololgy/doc/docprofile.asp?sno=24798&isClinic=
123,"알레나지안와 함디",7,,http://storage.iseverance.com/2009_obj_isev/images/professor_no_picture.jpg,http://sev.iseverance.com/dept_clinic/department/urololgy/doc/docprofile.asp?sno=24799&isClinic=
138,김영태,8,"<산부인과> 부인암,부인과내시경수술,로봇수술","http://storage.iseverance.com/2009_adm_img/professor_img/증명사진(짙은회색)-김영태교수님수정본.jpg
",http://sev.iseverance.com/dept_clinic/department/obstetrics_gynecology/doc/docprofile.asp?sno=238&isClinic=
139,배상욱,8,"요실금, 과민성방광, 자궁질탈출증","http://storage.iseverance.com/2009_adm_img/professor_img/교직원_의과대학_산부인과학교실_배상욱.jpg
",http://sev.iseverance.com/dept_clinic/department/obstetrics_gynecology/doc/docprofile.asp?sno=244&isClinic=
140,김영한,8,"고위험임신, 초음파, 태아치료, 산전유전진단","http://storage.iseverance.com/2009_adm_img/professor_img/김영한 교수(산부인과)_1.jpg
",http://sev.iseverance.com/dept_clinic/department/obstetrics_gynecology/doc/docprofile.asp?sno=1488&isClinic=
141,김상운,8,"<산부인과>부인암, 싱글포트(내시경)수술, 로봇수술","http://storage.iseverance.com/2009_adm_img/professor_img/김상운-병원 사진.jpg
",http://sev.iseverance.com/dept_clinic/department/obstetrics_gynecology/doc/docprofile.asp?sno=1698&isClinic=
142,김성훈,8,"<산부인과> 부인암, 부인과내시경수술, 로봇수술","http://storage.iseverance.com/2009_adm_img/professor_img/교직원_의과대학_산부인과학교실_김성훈.jpg
",http://sev.iseverance.com/dept_clinic/department/obstetrics_gynecology/doc/docprofile.asp?sno=476&isClinic=
143,최영식,8,"불임 및 생식내분비, 배란장애 및 무월경, 습관성 유산, 폐경, 내시경 수술 (복강경 및 자궁경)","http://storage.iseverance.com/2009_adm_img/professor_img/교직원_의과대학_산부인과학교실_최영식.jpg
",http://sev.iseverance.com/dept_clinic/department/obstetrics_gynecology/doc/docprofile.asp?sno=2690&isClinic=
144,권자영,8,"산과, 고위험 산모, 태아초음파, 일반산부인과, 외국인 산부인과진료","http://storage.iseverance.com/2009_adm_img/professor_img/jayoungkwan.JPG
",http://sev.iseverance.com/dept_clinic/department/obstetrics_gynecology/doc/docprofile.asp?sno=1380&isClinic=
145,남은지,8,"<산부인과> 부인암,부인과내시경수술,로봇수술,수오전:자궁근종,부인과양성질환,난소낭종,로봇수술,복강경수술","http://storage.iseverance.com/2009_adm_img/professor_img/남은지선생님 증명사진.JPG
",http://sev.iseverance.com/dept_clinic/department/obstetrics_gynecology/doc/docprofile.asp?sno=1783&isClinic=
146,서석교,8,"폐경, 불임 및 생식내분비, 내시경수술","http://storage.iseverance.com/2009_adm_img/professor_img/교직원_의과대학_산부인과학교실_서석교.jpg
",http://sev.iseverance.com/dept_clinic/department/obstetrics_gynecology/doc/docprofile.asp?sno=2938&isClinic=
147,이준호,8,"정상임신, 고위험임신, 초음파 및 태아치료, 산전유전진단, 쌍태아임신","http://storage.iseverance.com/2009_adm_img/professor_img/이준호교수님.jpg
",http://sev.iseverance.com/dept_clinic/department/obstetrics_gynecology/doc/docprofile.asp?sno=12708&isClinic=
148,윤보현,8,"가임력보존 및 불임, 생식내분비(월경장애, 자궁내막증, 미성년부인과), 부인과내시경 수술, 외국인 진료","http://storage.iseverance.com/2009_adm_img/professor_img/홈페이지_윤보현.jpg
",http://sev.iseverance.com/dept_clinic/department/obstetrics_gynecology/doc/docprofile.asp?sno=13878&isClinic=
149,이정윤,8,"<산부인과> 자궁암, 난소암 등 부인암의 수술 및 항암치료, 온열 복강내 항암치료, 신약치료","http://storage.iseverance.com/2009_adm_img/professor_img/이정윤_1.jpg
",http://sev.iseverance.com/dept_clinic/department/obstetrics_gynecology/doc/docprofile.asp?sno=13877&isClinic=
150,공미경,8,"요실금, 골반 장기 탈출증, 부인과 양성 질환","http://storage.iseverance.com/2009_adm_img/professor_img/공미경1.jpg
",http://sev.iseverance.com/dept_clinic/department/obstetrics_gynecology/doc/docprofile.asp?sno=13840&isClinic=
151,어경진,8,,"http://storage.iseverance.com/2009_adm_img/professor_img/0185349(1).jpg
",http://sev.iseverance.com/dept_clinic/department/obstetrics_gynecology/doc/docprofile.asp?sno=12832&isClinic=
152,이재훈,8,,"http://storage.iseverance.com/2009_adm_img/professor_img/0185364(0).jpg
",http://sev.iseverance.com/dept_clinic/department/obstetrics_gynecology/doc/docprofile.asp?sno=12834&isClinic=
153,정영신,8,,"http://storage.iseverance.com/2009_adm_img/professor_img/0185357.jpg
",http://sev.iseverance.com/dept_clinic/department/obstetrics_gynecology/doc/docprofile.asp?sno=12833&isClinic=
154,정윤지,8,,"http://storage.iseverance.com/2009_adm_img/professor_img/0185341.jpg
",http://sev.iseverance.com/dept_clinic/department/obstetrics_gynecology/doc/docprofile.asp?sno=12831&isClinic=
155,김지환,8,,"http://storage.iseverance.com/2009_adm_img/professor_img/김지환.jpg
",http://sev.iseverance.com/dept_clinic/department/obstetrics_gynecology/doc/docprofile.asp?sno=13937&isClinic=
156,박윤진,8,,"http://storage.iseverance.com/2009_adm_img/professor_img/박윤진1.jpg
",http://sev.iseverance.com/dept_clinic/department/obstetrics_gynecology/doc/docprofile.asp?sno=14003&isClinic=
157,윤지선,8,,"http://storage.iseverance.com/2009_adm_img/professor_img/윤지선.jpg
",http://sev.iseverance.com/dept_clinic/department/obstetrics_gynecology/doc/docprofile.asp?sno=14002&isClinic=
158,이명화,8,,"http://storage.iseverance.com/2009_adm_img/professor_img/이명화.jpg
",http://sev.iseverance.com/dept_clinic/department/obstetrics_gynecology/doc/docprofile.asp?sno=14000&isClinic=
159,이용재,8,,"http://storage.iseverance.com/2009_adm_img/professor_img/이용재.jpg
",http://sev.iseverance.com/dept_clinic/department/obstetrics_gynecology/doc/docprofile.asp?sno=14001&isClinic=
160,김민아,8,"모체태아의학, 고위험 임신, 태아초음파, 기타 산부인과 감염질환","http://storage.iseverance.com/2009_adm_img/professor_img/산부인과_김민아.JPG
",http://sev.iseverance.com/dept_clinic/department/obstetrics_gynecology/doc/docprofile.asp?sno=11502&isClinic=
161,박선희,8,,"http://storage.iseverance.com/2009_adm_img/professor_img/박선희.jpg
",http://sev.iseverance.com/dept_clinic/department/obstetrics_gynecology/doc/docprofile.asp?sno=14272&isClinic=
169,유대현,9,"<성형외과> 선천성기형(구순구개열),두개안면성형,미용성형, 유방재건 및 성형, 유방재건<수면건강센터> 무턱 성형 (수면무호흡), 양악 확장수술, 양악 전진수술","http://storage.iseverance.com/2009_adm_img/professor_img/교직원_의과대학_성형외과학교실_유대현.jpg
",http://sev.iseverance.com/dept_clinic/department/plastic_reconstructive_surgery/doc/docprofile.asp?sno=232&isClinic=
170,홍종원,9,"<성형외과> 안면골절 및 외상, 안면재건, 혈관종, 피부암, 안면종양, 선천성 수부기형, 수부외상 및 재건, 수부이식, 액취증","http://storage.iseverance.com/2009_adm_img/professor_img/홍종원교수.jpg
",http://sev.iseverance.com/dept_clinic/department/plastic_reconstructive_surgery/doc/docprofile.asp?sno=4439&isClinic=
171,김용욱,9,"두개안면성형, 미용성형, 피부종양, 선천성기형, 악안면성형, 두상교정클리닉","http://storage.iseverance.com/2009_adm_img/professor_img/김용욱.jpg
",http://sev.iseverance.com/dept_clinic/department/plastic_reconstructive_surgery/doc/docprofile.asp?sno=227&isClinic=
172,이원재,9,"<성형외과> 레이저 성형, 흉터, 켈로이드, 미용성형, 혈관종, 혈관기형","http://storage.iseverance.com/2009_adm_img/professor_img/이원재.jpg
",http://sev.iseverance.com/dept_clinic/department/plastic_reconstructive_surgery/doc/docprofile.asp?sno=377&isClinic=
173,이동원,9,"<성형외과> 레이저 성형, 흉터, 켈로이드, 미용성형, 유방성형 및 유방재건  *화 오전:유방재건만 진료","http://storage.iseverance.com/2009_adm_img/professor_img/이동원1.jpg
",http://sev.iseverance.com/dept_clinic/department/plastic_reconstructive_surgery/doc/docprofile.asp?sno=7654&isClinic=
174,송승용,9,"레이저 성형, 흉터, 켈로이드, 미용성형, 유방성형 및 유방재건*목오후: 유방재건만 진료","http://storage.iseverance.com/2009_adm_img/professor_img/2014-04 세브란스 송승용 크기축소.jpg
",http://sev.iseverance.com/dept_clinic/department/plastic_reconstructive_surgery/doc/docprofile.asp?sno=13876&isClinic=
175,오주현,9,,"http://storage.iseverance.com/2009_obj_isev/images/professor_no_picture.jpg
",http://sev.iseverance.com/dept_clinic/department/plastic_reconstructive_surgery/doc/docprofile.asp?sno=14006&isClinic=
176,양채은,9,"레이저 성형, 흉터,켈로이드, 미용성형","http://storage.iseverance.com/2009_adm_img/professor_img/양채은.jpg
",http://sev.iseverance.com/dept_clinic/department/plastic_reconstructive_surgery/doc/docprofile.asp?sno=14225&isClinic=
177,우태용,9,,"http://storage.iseverance.com/2009_obj_isev/images/professor_no_picture.jpg
",http://sev.iseverance.com/dept_clinic/department/plastic_reconstructive_surgery/doc/docprofile.asp?sno=14273&isClinic=
178,김효인,9,,"http://storage.iseverance.com/2009_obj_isev/images/professor_no_picture.jpg
",http://sev.iseverance.com/dept_clinic/department/plastic_reconstructive_surgery/doc/docprofile.asp?sno=14359&isClinic=
184,정재복,10,"<소화기내과> 췌장암,담도암,췌담도계 양성질환,소화기질환","http://storage.iseverance.com/2009_adm_img/professor_img/교직원_의과대학_내과학교실_정재복.jpg
",http://sev.iseverance.com/dept_clinic/department/gastroenterology/doc/docprofile.asp?sno=104&isClinic=
185,한광협,10,"<소화기내과> 간암 및 간질환","http://storage.iseverance.com/2009_adm_img/professor_img/교직원_의과대학_내과학교실_한광협.jpg
",http://sev.iseverance.com/dept_clinic/department/gastroenterology/doc/docprofile.asp?sno=106&isClinic=
186,김원호,10,"<소화기내과> 염증성 장질환,대장암,소화기질환","http://storage.iseverance.com/2009_adm_img/professor_img/교직원_의과대학_내과학교실_김원호.jpg
",http://sev.iseverance.com/dept_clinic/department/gastroenterology/doc/docprofile.asp?sno=91&isClinic=
187,송시영,10,"<소화기내과> 췌장암, 담도암,신경내분비종양, 항암약물치료, 치료내시경","http://storage.iseverance.com/2009_adm_img/professor_img/송시영교수.jpg
",http://sev.iseverance.com/dept_clinic/department/gastroenterology/doc/docprofile.asp?sno=1105&isClinic=
188,이용찬,10,"<소화기내과> 식도암,위암,내시경치료술,역류/소화관운동질환,월오후:식도암센터,목오전:위암센터","http://storage.iseverance.com/2009_adm_img/professor_img/교직원_의과대학_내과학교실_이용찬.jpg
",http://sev.iseverance.com/dept_clinic/department/gastroenterology/doc/docprofile.asp?sno=102&isClinic=
189,박승우,10,"<소화기내과> 췌장암,담도암,신경내분비종양,췌담도질환,항암치료, 치료내시경","http://storage.iseverance.com/2009_adm_img/professor_img/교직원_의과대학_내과학교실_박승우.jpg
",http://sev.iseverance.com/dept_clinic/department/gastroenterology/doc/docprofile.asp?sno=95&isClinic=
190,김태일,10,"<소화기내과> 대장질환 (대장암,직장암,대장폴립,염증성 장질환) ,      <암예방센터> 대장직장암 고위험군 (가족성 대장암, 다발성 대장폴립증, 대장암 가족력)","http://storage.iseverance.com/2009_adm_img/professor_img/교직원_의과대학_내과학교실_김태일.jpg
",http://sev.iseverance.com/dept_clinic/department/gastroenterology/doc/docprofile.asp?sno=92&isClinic=
191,안상훈,10,"<소화기내과> 간염(바이러스), 간암, 임상시험 특수센터","http://storage.iseverance.com/2009_adm_img/professor_img/교직원_의과대학_내과학교실_안상훈.jpg
",http://sev.iseverance.com/dept_clinic/department/gastroenterology/doc/docprofile.asp?sno=1027&isClinic=
192,이상길,10,"<소화기내과> 위,식도암,내시경치료,위식도 역류/소화불량, <암예방센터> 위암 고위험군 및 조기 위암, 월오전: 암예방센터, 금오전: 위암센터","http://storage.iseverance.com/2009_adm_img/professor_img/교직원_의과대학_내과학교실_이상길.jpg
",http://sev.iseverance.com/dept_clinic/department/gastroenterology/doc/docprofile.asp?sno=1733&isClinic=
193,방승민,10,"<소화기내과> 췌장암,담도암,신경내분비종양,항암치료,치료내시경","http://storage.iseverance.com/2009_adm_img/professor_img/크기변환_방승민.png
",http://sev.iseverance.com/dept_clinic/department/gastroenterology/doc/docprofile.asp?sno=1731&isClinic=
194,천재희,10,"<소화기내과> 염증성 장질환 (크론병, 궤양성 대장염),베체트 장염, 장결핵, 소장질환, 토요 격주 진료(2,4주), 수요일 오전: IBD 신환 및 임상연구 외래","http://storage.iseverance.com/2009_adm_img/professor_img/교직원_의과대학_내과학교실_천재희.jpg
",http://sev.iseverance.com/dept_clinic/department/gastroenterology/doc/docprofile.asp?sno=1732&isClinic=
195,김도영,10,"<소화기내과> 간암 및 간질환,C형간염 및 다국적 임상시험","http://storage.iseverance.com/2009_adm_img/professor_img/김도영_4.jpg
",http://sev.iseverance.com/dept_clinic/department/gastroenterology/doc/docprofile.asp?sno=2358&isClinic=
196,박준용,10,"<소화기내과> 간암,간염,간경변,간질환,토요 격주 진료(2.4주)","http://storage.iseverance.com/2009_adm_img/professor_img/교직원_의과대학_내과학교실_박준용.jpg
",http://sev.iseverance.com/dept_clinic/department/gastroenterology/doc/docprofile.asp?sno=1966&isClinic=
197,박정엽,10,"<소화기내과> 췌장암, 담도암, 신경내분비종양, 췌담도계 양성질환, 항암치료, 치료내시경","http://storage.iseverance.com/2009_adm_img/professor_img/박정엽홈피.jpg
",http://sev.iseverance.com/dept_clinic/department/gastroenterology/doc/docprofile.asp?sno=3030&isClinic=
198,신성관,10,"<소화기내과> 위암,식도암,위장관질환, 치료내시경, 역류성 식도염, 위/식도 역류질환, 화오후/금오후: 위암센터","http://storage.iseverance.com/2009_adm_img/professor_img/교직원_의과대학_내과학교실_신성관.jpg
",http://sev.iseverance.com/dept_clinic/department/gastroenterology/doc/docprofile.asp?sno=2825&isClinic=
199,김승업,10,"<소화기내과> 간암,바이러스성 간염,지방간,기타 간질환,해외 연수 (2017년 8월 복귀예정)","http://storage.iseverance.com/2009_adm_img/professor_img/교직원_의과대학_내과학교실_김승업.jpg
",http://sev.iseverance.com/dept_clinic/department/gastroenterology/doc/docprofile.asp?sno=2698&isClinic=
200,박준철,10,"<소화기내과> 위암,식도암,위장관질환,치료내시경, 월오후/수오후/목오후: 위암센터","http://storage.iseverance.com/2009_adm_img/professor_img/교직원_의과대학_내과학교실_박준철.jpg
",http://sev.iseverance.com/dept_clinic/department/gastroenterology/doc/docprofile.asp?sno=2694&isClinic=
201,정문재,10,"<소화기내과> 췌장암,담도암,신경내분비종양,항암치료,치료내시경, 소화기암,췌담도양성질환, 위장관질환","http://storage.iseverance.com/2009_adm_img/professor_img/교직원_의과대학_내과학교실_정문재.jpg
",http://sev.iseverance.com/dept_clinic/department/gastroenterology/doc/docprofile.asp?sno=3916&isClinic=
202,박수정,10,"대장질환(대장암, 직장암, 대장폴립, 염증성 장질환, 기능성 장질환)화오전: 대장암센터, 수오후: 소화기내과, 목오후: 소화기내과 신환진료, 토오전: 소화기내과 (2,4주)","http://storage.iseverance.com/2009_adm_img/professor_img/박수정.jpg
",http://sev.iseverance.com/dept_clinic/department/gastroenterology/doc/docprofile.asp?sno=3384&isClinic=
203,박예현,10,"대장질환 (대장암, 직장암, 폴립 절제술, 염증성 장질환), 일반 위장관 질환, 위/대장내시경, 치료내시경","http://storage.iseverance.com/2009_adm_img/professor_img/박예현_소화기내과.jpeg
",http://sev.iseverance.com/dept_clinic/department/gastroenterology/doc/docprofile.asp?sno=13933&isClinic=
204,김은혜,10,"위암, 식도암, 내시경치료술, 역류/소화관 운동질환","http://storage.iseverance.com/2009_adm_img/professor_img/김은혜교수.jpg
",http://sev.iseverance.com/dept_clinic/department/gastroenterology/doc/docprofile.asp?sno=13826&isClinic=
205,박용은,10,소화기질환,"http://storage.iseverance.com/2009_adm_img/professor_img/박용은.jpg
",http://sev.iseverance.com/dept_clinic/department/gastroenterology/doc/docprofile.asp?sno=12745&isClinic=
206,박지혜,10,소화기질환,"http://storage.iseverance.com/2009_adm_img/professor_img/박지혜.jpg
",http://sev.iseverance.com/dept_clinic/department/gastroenterology/doc/docprofile.asp?sno=12746&isClinic=
207,이희승,10,소화기질환,"http://storage.iseverance.com/2009_adm_img/professor_img/0182351.jpg
",http://sev.iseverance.com/dept_clinic/department/gastroenterology/doc/docprofile.asp?sno=11544&isClinic=
208,조인래,10,,"http://storage.iseverance.com/2009_obj_isev/images/professor_no_picture.jpg
",http://sev.iseverance.com/dept_clinic/department/gastroenterology/doc/docprofile.asp?sno=13163&isClinic=
209,조중현,10,,"http://storage.iseverance.com/2009_obj_isev/images/professor_no_picture.jpg
",http://sev.iseverance.com/dept_clinic/department/gastroenterology/doc/docprofile.asp?sno=13164&isClinic=
210,김기식,10,,"http://storage.iseverance.com/2009_obj_isev/images/professor_no_picture.jpg
",http://sev.iseverance.com/dept_clinic/department/gastroenterology/doc/docprofile.asp?sno=13955&isClinic=
211,김영진,10,,"http://storage.iseverance.com/2009_obj_isev/images/professor_no_picture.jpg
",http://sev.iseverance.com/dept_clinic/department/gastroenterology/doc/docprofile.asp?sno=13956&isClinic=
212,박정원,10,,"http://storage.iseverance.com/2009_obj_isev/images/professor_no_picture.jpg
",http://sev.iseverance.com/dept_clinic/department/gastroenterology/doc/docprofile.asp?sno=13957&isClinic=
213,이정은,10,,"http://storage.iseverance.com/2009_obj_isev/images/professor_no_picture.jpg
",http://sev.iseverance.com/dept_clinic/department/gastroenterology/doc/docprofile.asp?sno=13959&isClinic=
214,장지영,10,,"http://storage.iseverance.com/2009_obj_isev/images/professor_no_picture.jpg
",http://sev.iseverance.com/dept_clinic/department/gastroenterology/doc/docprofile.asp?sno=13960&isClinic=
215,전미영,10,,"http://storage.iseverance.com/2009_obj_isev/images/professor_no_picture.jpg
",http://sev.iseverance.com/dept_clinic/department/gastroenterology/doc/docprofile.asp?sno=13961&isClinic=
216,최수인,10,,"http://storage.iseverance.com/2009_obj_isev/images/professor_no_picture.jpg
",http://sev.iseverance.com/dept_clinic/department/gastroenterology/doc/docprofile.asp?sno=13962&isClinic=
217,한소정,10,,"http://storage.iseverance.com/2009_obj_isev/images/professor_no_picture.jpg
",http://sev.iseverance.com/dept_clinic/department/gastroenterology/doc/docprofile.asp?sno=13963&isClinic=
218,한규연,10,소화기질환,"http://storage.iseverance.com/2009_adm_img/professor_img/0182373.jpg
",http://sev.iseverance.com/dept_clinic/department/gastroenterology/doc/docprofile.asp?sno=14215&isClinic=
219,김순영,10,소화기질환,"http://storage.iseverance.com/2009_adm_img/professor_img/182267김순영.jpg
",http://sev.iseverance.com/dept_clinic/department/gastroenterology/doc/docprofile.asp?sno=14216&isClinic=
220,이혜원,10,소화기질환,"http://storage.iseverance.com/2009_adm_img/professor_img/0180159.jpg
",http://sev.iseverance.com/dept_clinic/department/gastroenterology/doc/docprofile.asp?sno=14247&isClinic=
221,강화평,10,,"http://storage.iseverance.com/2009_obj_isev/images/professor_no_picture.jpg
",http://sev.iseverance.com/dept_clinic/department/gastroenterology/doc/docprofile.asp?sno=14369&isClinic=
222,이현석,10,,"http://storage.iseverance.com/2009_obj_isev/images/professor_no_picture.jpg
",http://sev.iseverance.com/dept_clinic/department/gastroenterology/doc/docprofile.asp?sno=14370&isClinic=
223,김정민,10,,"http://storage.iseverance.com/2009_obj_isev/images/professor_no_picture.jpg
",http://sev.iseverance.com/dept_clinic/department/gastroenterology/doc/docprofile.asp?sno=14371&isClinic=
224,신동석,10,,"http://storage.iseverance.com/2009_obj_isev/images/professor_no_picture.jpg
",http://sev.iseverance.com/dept_clinic/department/gastroenterology/doc/docprofile.asp?sno=14372&isClinic=
225,유은진,10,,"http://storage.iseverance.com/2009_obj_isev/images/professor_no_picture.jpg
",http://sev.iseverance.com/dept_clinic/department/gastroenterology/doc/docprofile.asp?sno=14373&isClinic=
226,이강형,10,,"http://storage.iseverance.com/2009_obj_isev/images/professor_no_picture.jpg
",http://sev.iseverance.com/dept_clinic/department/gastroenterology/doc/docprofile.asp?sno=14374&isClinic=
227,임태섭,10,,"http://storage.iseverance.com/2009_obj_isev/images/professor_no_picture.jpg
",http://sev.iseverance.com/dept_clinic/department/gastroenterology/doc/docprofile.asp?sno=14375&isClinic=
228,이상기,10,,"http://storage.iseverance.com/2009_obj_isev/images/professor_no_picture.jpg
",http://sev.iseverance.com/dept_clinic/department/gastroenterology/doc/docprofile.asp?sno=14383&isClinic=
229,김범경,10,"<소화기내과> 간암 및 간질환,토요 격주 진료(1.3주)","http://storage.iseverance.com/2009_adm_img/professor_img/교직원_의과대학_내과학교실_김범경.jpg
",http://sev.iseverance.com/dept_clinic/department/gastroenterology/doc/docprofile.asp?sno=24751&isClinic=
230,홍인철,10,,"http://storage.iseverance.com/2009_obj_isev/images/professor_no_picture.jpg
",http://sev.iseverance.com/dept_clinic/department/gastroenterology/doc/docprofile.asp?sno=24905&isClinic=
247,김승민,11,"척수,말초신경및 근육질환","http://storage.iseverance.com/2009_adm_img/professor_img/교직원_의과대학_신경과학교실_김승민.jpg
",http://sev.iseverance.com/dept_clinic/department/neurology/doc/docprofile.asp?sno=343&isClinic=
248,허지회,11,"뇌졸중, 뇌혈관질환","http://storage.iseverance.com/2009_adm_img/professor_img/교직원_의과대학_신경과학교실_허지회.jpg
",http://sev.iseverance.com/dept_clinic/department/neurology/doc/docprofile.asp?sno=355&isClinic=
249,손영호,11,"운동장애,치매,노인성신경학","http://storage.iseverance.com/2009_adm_img/professor_img/교직원_의과대학_신경과학교실_손영호.jpg
",http://sev.iseverance.com/dept_clinic/department/neurology/doc/docprofile.asp?sno=185&isClinic=
250,허경,11,"<신경과/수면건강센터>뇌혈관질환,뇌전증, 수면무호흡증, 하지불안증후군, 수면과다증후군(기면증), 수면중이상행동, 렘수면행동장애, 수면무호흡양압기치료, 수면진단검사","http://storage.iseverance.com/2009_adm_img/professor_img/교직원_의과대학_신경과학교실_허경.jpg
",http://sev.iseverance.com/dept_clinic/department/neurology/doc/docprofile.asp?sno=354&isClinic=
251,이필휴,11,"파킨슨병 및 이상운동 질환, 치매, 줄기세포","http://storage.iseverance.com/2009_adm_img/professor_img/사진(0).jpg
",http://sev.iseverance.com/dept_clinic/department/neurology/doc/docprofile.asp?sno=2893&isClinic=
252,김경환,11,"뇌혈관 질환, 경동맥 질환, 혈관질환, 뇌졸중, 혈관치매, 경도 인지 장애","http://storage.iseverance.com/2009_adm_img/professor_img/2017 홈페이지사진(0).jpg
",http://sev.iseverance.com/dept_clinic/department/neurology/doc/docprofile.asp?sno=1736&isClinic=
253,남효석,11,"뇌졸중, 뇌혈관질환","http://storage.iseverance.com/2009_adm_img/professor_img/교직원_의과대학_신경과학교실_남효석.jpg
",http://sev.iseverance.com/dept_clinic/department/neurology/doc/docprofile.asp?sno=2828&isClinic=
254,박수철,11,"뇌전증,중추신경계감염","http://storage.iseverance.com/2009_adm_img/professor_img/교직원_의과대학_신경과학교실_박수철.jpg
",http://sev.iseverance.com/dept_clinic/department/neurology/doc/docprofile.asp?sno=349&isClinic=
255,김영대,11,뇌졸중,"http://storage.iseverance.com/2009_adm_img/professor_img/교직원_의과대학_신경과학교실_김영대.jpg
",http://sev.iseverance.com/dept_clinic/department/neurology/doc/docprofile.asp?sno=2561&isClinic=
256,조양제,11,"<신경과/수면건강센터>뇌전증, 경련성 질환, 수면무호흡증, 하지불안증후군, 수면과다증후군(기면증), 수면중이상행동, 렘수면행동장애, 수면무호흡양압기치료, 수면진단검사","http://storage.iseverance.com/2009_adm_img/professor_img/교직원_의과대학_신경과학교실_조양제.jpg
",http://sev.iseverance.com/dept_clinic/department/neurology/doc/docprofile.asp?sno=1819&isClinic=
257,신하영,11,"신경근육질환, 중증근무력증, 척수질환, 신경면역질환","http://storage.iseverance.com/2009_adm_img/professor_img/교직원_의과대학_신경과학교실_신하영.jpg
",http://sev.iseverance.com/dept_clinic/department/neurology/doc/docprofile.asp?sno=12703&isClinic=
258,예병석,11,"치매 및 인지건강클리닉,알츠하이머 병, 혈관성치매, 루이소체치매, 경도인지장애, 인지기능저하, 치매예방클리닉","http://storage.iseverance.com/2009_adm_img/professor_img/예병석.jpg
",http://sev.iseverance.com/dept_clinic/department/neurology/doc/docprofile.asp?sno=12658&isClinic=
259,조규호,11,"<신경과/수면건강센터>뇌전증. 수면무호흡증, 하지불안증후군, 수면과다증후군(기면증), 수면중이상행동, 렘수면행동장애, 수면무호흡양압기치료, 수면진단검사","http://storage.iseverance.com/2009_adm_img/professor_img/조규호.JPG
",http://sev.iseverance.com/dept_clinic/department/neurology/doc/docprofile.asp?sno=12657&isClinic=
260,정하늘,11,,"http://storage.iseverance.com/2009_obj_isev/images/professor_no_picture.jpg
",http://sev.iseverance.com/dept_clinic/department/neurology/doc/docprofile.asp?sno=12781&isClinic=
261,김원주,11,"<신경과> 경련성 질환, 두통, 뇌졸중<수면건강센터> 수면무호흡증, 하지불안증후군, 수면과다증후군(기면증), 수면중 이상행동, 렘수면행동장애, 수면무호흡 양압기치료, 수면 진단 검","http://storage.iseverance.com/2009_adm_img/professor_img/교직원_의과대학_신경과학교실_김원주.jpg
",http://sev.iseverance.com/dept_clinic/department/neurology/doc/docprofile.asp?sno=347&isClinic=
262,이정환,11,신경근육질환,"http://storage.iseverance.com/2009_adm_img/professor_img/이정환 선생님 증명사진.png
",http://sev.iseverance.com/dept_clinic/department/neurology/doc/docprofile.asp?sno=8183&isClinic=
263,최윤호,11,,"http://storage.iseverance.com/2009_obj_isev/images/professor_no_picture.jpg
",http://sev.iseverance.com/dept_clinic/department/neurology/doc/docprofile.asp?sno=13215&isClinic=
264,유한수,11,,"http://storage.iseverance.com/2009_obj_isev/images/professor_no_picture.jpg
",http://sev.iseverance.com/dept_clinic/department/neurology/doc/docprofile.asp?sno=14399&isClinic=
265,정석종,11,,"http://storage.iseverance.com/2009_obj_isev/images/professor_no_picture.jpg
",http://sev.iseverance.com/dept_clinic/department/neurology/doc/docprofile.asp?sno=14400&isClinic=
266,김승우,11,,"http://storage.iseverance.com/2009_obj_isev/images/professor_no_picture.jpg
",http://sev.iseverance.com/dept_clinic/department/neurology/doc/docprofile.asp?sno=14401&isClinic=
267,박형종,11,,"http://storage.iseverance.com/2009_obj_isev/images/professor_no_picture.jpg
",http://sev.iseverance.com/dept_clinic/department/neurology/doc/docprofile.asp?sno=14402&isClinic=
278,김선호,12,"<신경외과> 뇌하수체종양,경동맥질환,뇌종양외과","http://storage.iseverance.com/2009_adm_img/professor_img/교직원_의과대학_신경외과학교실_김선호.jpg
",http://sev.iseverance.com/dept_clinic/department/neurosurgery/doc/docprofile.asp?sno=1019&isClinic=
279,윤도흠,12,"척추신경외과, 경추질환, 척수종양","http://storage.iseverance.com/2009_adm_img/professor_img/150206_dr_dhy.jpg
",http://sev.iseverance.com/dept_clinic/department/neurosurgery/doc/docprofile.asp?sno=202&isClinic=
280,장진우,12,"정위기능신경외과,감마나이프수술","http://storage.iseverance.com/2009_adm_img/professor_img/교직원_의과대학_신경외과학교실_장진우.jpg
",http://sev.iseverance.com/dept_clinic/department/neurosurgery/doc/docprofile.asp?sno=205&isClinic=
281,윤영설,12,"신경통증 클리닉, 골다공증, 골다공증성 척추 골절, 비침습적 척추 수술","http://storage.iseverance.com/2009_adm_img/professor_img/교직원_의과대학_신경외과학교실_윤영설.jpg
",http://sev.iseverance.com/dept_clinic/department/neurosurgery/doc/docprofile.asp?sno=189&isClinic=
282,김긍년,12,척추신경외과,"http://storage.iseverance.com/2009_adm_img/professor_img/교직원_의과대학_신경외과학교실_김긍년.jpg
",http://sev.iseverance.com/dept_clinic/department/neurosurgery/doc/docprofile.asp?sno=4450&isClinic=
283,장종희,12,"<신경외과> 뇌종양외과, 감마나이프","http://storage.iseverance.com/2009_adm_img/professor_img/교직원_의과대학_신경외과학교실_장종희.jpg
",http://sev.iseverance.com/dept_clinic/department/neurosurgery/doc/docprofile.asp?sno=36&isClinic=
284,하윤,12,"전문분야 : 척추 측만증, 척추 변형, 척추 수술후 통증, 척추 종양, 목디스크, 허리디스크, 후종인대골화증, 척추로봇수술 * 수 오후 : 척추측만증 및 척추로봇수술클리닉","http://storage.iseverance.com/2009_adm_img/professor_img/하윤.jpg
",http://sev.iseverance.com/dept_clinic/department/neurosurgery/doc/docprofile.asp?sno=2831&isClinic=
285,이재환,12,"뇌졸중,뇌혈관외과","http://storage.iseverance.com/2009_adm_img/professor_img/교직원_의과대학_신경외과학교실_이재환.jpg
",http://sev.iseverance.com/dept_clinic/department/neurosurgery/doc/docprofile.asp?sno=1180&isClinic=
286,이성,12,"척추신경외과, 척수/척추종양, 미세침습척추외과, 척추내시경수술, 경추후종인대골화증, 경추인공디스크, 노년척추질환","http://storage.iseverance.com/2009_adm_img/professor_img/이성3.jpg
",http://sev.iseverance.com/dept_clinic/department/neurosurgery/doc/docprofile.asp?sno=2654&isClinic=
287,강석구,12,"<신경외과> 뇌종양외과, 두부외상","http://storage.iseverance.com/2009_adm_img/professor_img/교직원_의과대학_신경외과학교실_강석구.jpg
",http://sev.iseverance.com/dept_clinic/department/neurosurgery/doc/docprofile.asp?sno=4084&isClinic=
288,정현호,12,"정위기능신경외과/감마나이프 방사선 수술","http://storage.iseverance.com/2009_adm_img/professor_img/교직원_의과대학_신경외과학교실_정현호.jpg
",http://sev.iseverance.com/dept_clinic/department/neurosurgery/doc/docprofile.asp?sno=4079&isClinic=
289,신동아,12,"척추디스크질환, 척추협착증, 골다공증, 척추외상, 척추내시경수술, 미세침습척추수술, 통증중재시술","http://storage.iseverance.com/2009_adm_img/professor_img/교직원_의과대학_신경외과학교실_신동아.jpg
",http://sev.iseverance.com/dept_clinic/department/neurosurgery/doc/docprofile.asp?sno=4271&isClinic=
290,장원석,12,"정위기능신경외과/감마나이프 방사선 수술/암성통증","http://storage.iseverance.com/2009_adm_img/professor_img/증명사진 2013_1.jpg
",http://sev.iseverance.com/dept_clinic/department/neurosurgery/doc/docprofile.asp?sno=7653&isClinic=
291,김의현,12,"<신경외과> 뇌종양, 뇌하수체 종양, 두개저 종양, 두부외상","http://storage.iseverance.com/2009_adm_img/professor_img/김의현.jpg
",http://sev.iseverance.com/dept_clinic/department/neurosurgery/doc/docprofile.asp?sno=7719&isClinic=
292,정준호,12,"<신경외과> 뇌혈관질환 (뇌경색, 뇌출혈), 중재적뇌혈관내수술, 뇌동맥류, 모야모야병, 뇌동정맥기형, 경동맥협착증, 뇌혈관협착증, 두통","http://storage.iseverance.com/2009_adm_img/professor_img/정준호_140102_1.jpg
",http://sev.iseverance.com/dept_clinic/department/neurosurgery/doc/docprofile.asp?sno=7696&isClinic=
293,박근영,12,"뇌졸중,뇌혈관 외과, 뇌혈관내 시술, 뇌동맥류, 뇌혈관 기형, 동정맥루, 고혈압성 뇌출혈, 두부외상","http://storage.iseverance.com/2009_adm_img/professor_img/박근영.jpg
",http://sev.iseverance.com/dept_clinic/department/neurosurgery/doc/docprofile.asp?sno=2748&isClinic=
294,김동석,12,"<신경외과> 뇌종양외과,모야모야병,소아신경외과(어린이병원진료:월,수오후진료)","http://storage.iseverance.com/2009_adm_img/professor_img/noname01.jpg
",http://sev.iseverance.com/dept_clinic/department/neurosurgery/doc/docprofile.asp?sno=198&isClinic=
295,박은경,12,"두부 외상, 신경계 선천성 기형, 뇌성마비, 소아 뇌전증, 소아 뇌종양, 수두증, 두개골조기유합증, 신생아 뇌질환 (뇌출혈, 수두증, 뇌손상)","http://storage.iseverance.com/2009_adm_img/professor_img/포맷변환_박은경선생님.jpg
",http://sev.iseverance.com/dept_clinic/department/neurosurgery/doc/docprofile.asp?sno=3118&isClinic=
296,강지인,12,,"http://storage.iseverance.com/2009_obj_isev/images/professor_no_picture.jpg
",http://sev.iseverance.com/dept_clinic/department/neurosurgery/doc/docprofile.asp?sno=12816&isClinic=
297,천동현,12,,"http://storage.iseverance.com/2009_obj_isev/images/professor_no_picture.jpg
",http://sev.iseverance.com/dept_clinic/department/neurosurgery/doc/docprofile.asp?sno=12818&isClinic=
298,박창규,12,,"http://storage.iseverance.com/2009_obj_isev/images/professor_no_picture.jpg
",http://sev.iseverance.com/dept_clinic/department/neurosurgery/doc/docprofile.asp?sno=12819&isClinic=
299,김정훈,12,,"http://storage.iseverance.com/2009_obj_isev/images/professor_no_picture.jpg
",http://sev.iseverance.com/dept_clinic/department/neurosurgery/doc/docprofile.asp?sno=13186&isClinic=
300,문주형,12,"뇌하수체종양,뇌종양외과, 두부외상","http://storage.iseverance.com/2009_adm_img/professor_img/문주형.jpg
",http://sev.iseverance.com/dept_clinic/department/neurosurgery/doc/docprofile.asp?sno=13838&isClinic=
301,박수정,12,,"http://storage.iseverance.com/2009_obj_isev/images/professor_no_picture.jpg
",http://sev.iseverance.com/dept_clinic/department/neurosurgery/doc/docprofile.asp?sno=14013&isClinic=
302,김진호,12,,"http://storage.iseverance.com/2009_obj_isev/images/professor_no_picture.jpg
",http://sev.iseverance.com/dept_clinic/department/neurosurgery/doc/docprofile.asp?sno=14015&isClinic=
303,이종주,12,,"http://storage.iseverance.com/2009_obj_isev/images/professor_no_picture.jpg
",http://sev.iseverance.com/dept_clinic/department/neurosurgery/doc/docprofile.asp?sno=14016&isClinic=
304,장창기,12,"두통, 외상, 뇌혈관질환 (토요일 격주진료)","http://storage.iseverance.com/2009_obj_isev/images/professor_no_picture.jpg
",http://sev.iseverance.com/dept_clinic/department/neurosurgery/doc/docprofile.asp?sno=12820&isClinic=
309,최규헌,13,"신부전증,신장염","http://storage.iseverance.com/2009_adm_img/professor_img/최규헌교수님(증명사진).jpg
",http://sev.iseverance.com/dept_clinic/department/nephrology/doc/docprofile.asp?sno=110&isClinic=
310,강신욱,13,"당뇨병성신증,만성신부전증,부종,신장염","http://storage.iseverance.com/2009_adm_img/professor_img/교직원_의과대학_내과학교실_강신욱.jpg
",http://sev.iseverance.com/dept_clinic/department/nephrology/doc/docprofile.asp?sno=107&isClinic=
311,김범석,13,"만성신질환, 당뇨성 신증, 사구체신염, 고혈압, 투석치료, 신장이식","http://storage.iseverance.com/2009_adm_img/professor_img/교직원_의과대학_내과학교실_김범석.jpg
",http://sev.iseverance.com/dept_clinic/department/nephrology/doc/docprofile.asp?sno=1522&isClinic=
312,유태현,13,"사구체 신염, 만성 신질환, 신성 고혈압, 당뇨병성 신증, 투석및 신장이식","http://storage.iseverance.com/2009_adm_img/professor_img/크기변환_크기변환_크기변환_크기변환_유태현_201602.jpg
",http://sev.iseverance.com/dept_clinic/department/nephrology/doc/docprofile.asp?sno=2827&isClinic=
313,한승혁,13,"만성 신질환, 당뇨병성 신증, 사구체신염, 고혈압, 투석","http://storage.iseverance.com/2009_adm_img/professor_img/교직원_의과대학_내과학교실_한승혁.jpg
",http://sev.iseverance.com/dept_clinic/department/nephrology/doc/docprofile.asp?sno=3556&isClinic=
314,박정탁,13,"만성신질환, 당뇨병성 신증, 사구체신념, 고혈압, 투석치료, 신장이식","http://storage.iseverance.com/2009_adm_img/professor_img/크기변환_크기변환_크기변환_크기변환_박정탁_201602.jpg
",http://sev.iseverance.com/dept_clinic/department/nephrology/doc/docprofile.asp?sno=7662&isClinic=
315,박서현,13,신장질환,"http://storage.iseverance.com/2009_adm_img/professor_img/박서현(0).jpg
",http://sev.iseverance.com/dept_clinic/department/nephrology/doc/docprofile.asp?sno=12771&isClinic=
316,지종현,13,신장질환,"http://storage.iseverance.com/2009_adm_img/professor_img/지종현.jpg
",http://sev.iseverance.com/dept_clinic/department/nephrology/doc/docprofile.asp?sno=12772&isClinic=
317,윤해룡,13,신장질환,"http://storage.iseverance.com/2009_adm_img/professor_img/184704윤해룡.jpg
",http://sev.iseverance.com/dept_clinic/department/nephrology/doc/docprofile.asp?sno=12774&isClinic=
318,김형래,13,,"http://storage.iseverance.com/2009_obj_isev/images/professor_no_picture.jpg
",http://sev.iseverance.com/dept_clinic/department/nephrology/doc/docprofile.asp?sno=13171&isClinic=
319,차민욱,13,,"http://storage.iseverance.com/2009_obj_isev/images/professor_no_picture.jpg
",http://sev.iseverance.com/dept_clinic/department/nephrology/doc/docprofile.asp?sno=13966&isClinic=
320,이미솔,13,,"http://storage.iseverance.com/2009_obj_isev/images/professor_no_picture.jpg
",http://sev.iseverance.com/dept_clinic/department/nephrology/doc/docprofile.asp?sno=13967&isClinic=
321,안성영,13,,"http://storage.iseverance.com/2009_obj_isev/images/professor_no_picture.jpg
",http://sev.iseverance.com/dept_clinic/department/nephrology/doc/docprofile.asp?sno=14378&isClinic=
322,남기헌,13,,"http://storage.iseverance.com/2009_obj_isev/images/professor_no_picture.jpg
",http://sev.iseverance.com/dept_clinic/department/nephrology/doc/docprofile.asp?sno=14379&isClinic=
324,박중원,14,"천식, 기침, 비염, 두드러기, 약물알레르기, 아나필락시스","http://storage.iseverance.com/2009_adm_img/professor_img/박중원교수.JPG
",http://sev.iseverance.com/dept_clinic/department/allergy_immunology/doc/docprofile.asp?sno=326&isClinic=
325,이재현,14,"천식, 알레르기비염, 두드러기, 약물 및 식품 알레르기, 면역결핍질환, 알레르겐 면역치료, 다제화학물질과민증","http://storage.iseverance.com/2009_adm_img/professor_img/교직원_의과대학_내과학교실_이재현.jpg
",http://sev.iseverance.com/dept_clinic/department/allergy_immunology/doc/docprofile.asp?sno=2912&isClinic=
326,박경희,14,"천식, 만성 기침, 비염, 두드러기, 약물 및 식품 알레르기, 아나필락시스,면역치료","http://storage.iseverance.com/2009_adm_img/professor_img/박경희_수정.jpg
",http://sev.iseverance.com/dept_clinic/department/allergy_immunology/doc/docprofile.asp?sno=12656&isClinic=
327,이상철,14,"기관지천식, 알레르기비염, 만성기침, 두드러기, 음식물 알레르기, 약물 알레르기, 아나필락시스","http://storage.iseverance.com/2009_adm_img/professor_img/이상철교수.JPG
",http://sev.iseverance.com/dept_clinic/department/allergy_immunology/doc/docprofile.asp?sno=13975&isClinic=
331,조영업,15,"유방암, 양성유방질환, 유방암종양성형수술, 유방암 예방 및 재활","http://storage.iseverance.com/2009_adm_img/professor_img/조영업.jpg
",http://sev.iseverance.com/dept_clinic/department/breast_surgery/doc/docprofile.asp?sno=13462&isClinic=
332,김승일,15,"<유방외과> 유방암","http://storage.iseverance.com/2009_adm_img/professor_img/ksi.jpg
",http://sev.iseverance.com/dept_clinic/department/breast_surgery/doc/docprofile.asp?sno=1284&isClinic=
333,박세호,15,"<유방외과> 유방암, 유방양성질환","http://storage.iseverance.com/2009_adm_img/professor_img/교직원_의과대학_외과학교실_박세호.jpg
",http://sev.iseverance.com/dept_clinic/department/breast_surgery/doc/docprofile.asp?sno=2919&isClinic=
334,박형석,15,"<유방외과> 유방암, 유방양성질환","http://storage.iseverance.com/2009_adm_img/professor_img/교직원_의과대학_외과학교실_박형석.jpg
",http://sev.iseverance.com/dept_clinic/department/breast_surgery/doc/docprofile.asp?sno=3102&isClinic=
335,김지예,15,"유방암, 유방양성질환","http://storage.iseverance.com/2009_adm_img/professor_img/2017 김지예.JPG
",http://sev.iseverance.com/dept_clinic/department/breast_surgery/doc/docprofile.asp?sno=13832&isClinic=
336,김주흥,15,"유방양성질환, 유방암","http://storage.iseverance.com/2009_adm_img/professor_img/김주흥_가운사진.jpg
",http://sev.iseverance.com/dept_clinic/department/breast_surgery/doc/docprofile.asp?sno=13180&isClinic=
337,박병우,15,,"http://storage.iseverance.com/2009_obj_isev/images/professor_no_picture.jpg
",http://sev.iseverance.com/dept_clinic/department/breast_surgery/doc/docprofile.asp?sno=8087&isClinic=
338,윤광현,15,,"http://storage.iseverance.com/2009_adm_img/professor_img/윤광현(0).jpg
",http://sev.iseverance.com/dept_clinic/department/breast_surgery/doc/docprofile.asp?sno=14423&isClinic=
346,노성훈,16,"<위장관외과> 위암","http://storage.iseverance.com/2009_adm_img/professor_img/교직원_의과대학_외과학교실_노성훈.jpg
",http://sev.iseverance.com/dept_clinic/department/gastrointestinal_surgery/doc/docprofile.asp?sno=414&isClinic=
347,형우진,16,"<위장관외과> 위암, 로봇/복강경수술","http://storage.iseverance.com/2009_adm_img/professor_img/형우진  새로운 사진.JPG
",http://sev.iseverance.com/dept_clinic/department/gastrointestinal_surgery/doc/docprofile.asp?sno=361&isClinic=
348,정재호,16,"<위장관외과> 위암,<암예방센터> 치료 후 위암 - 대사/ 면역 인자 관리위암전이 분자 기전 및 표적 치료 위암분자아형 맞춤 치료종양에너지대사 및 암면역 표적 치료 종양분자생물학시","http://storage.iseverance.com/2009_adm_img/professor_img/교직원_의과대학_외과학교실_정재호.jpg
",http://sev.iseverance.com/dept_clinic/department/gastrointestinal_surgery/doc/docprofile.asp?sno=911&isClinic=
349,김형일,16,"<위장관외과> 위암, 위식도역류, 위장관질환,로봇/복강경수술, 토요일 4주간격","http://storage.iseverance.com/2009_adm_img/professor_img/연세암병원_위암센터_김형일.png
",http://sev.iseverance.com/dept_clinic/department/gastrointestinal_surgery/doc/docprofile.asp?sno=2920&isClinic=
350,손태일,16,"<위장관외과> 위암,위장관질환, 로봇/복강경수술, 토요일 4주 간격","http://storage.iseverance.com/2009_adm_img/professor_img/손태일.jpg
",http://sev.iseverance.com/dept_clinic/department/gastrointestinal_surgery/doc/docprofile.asp?sno=12705&isClinic=
351,최윤영,16,"<위장관외과> 위암, 복강경/로봇수술, 토요일 4주간격","http://storage.iseverance.com/2009_adm_img/professor_img/최윤영.jpg
",http://sev.iseverance.com/dept_clinic/department/gastrointestinal_surgery/doc/docprofile.asp?sno=12659&isClinic=
352,조민아,16,,"http://storage.iseverance.com/2009_adm_img/professor_img/조민아.jpg
",http://sev.iseverance.com/dept_clinic/department/gastrointestinal_surgery/doc/docprofile.asp?sno=12803&isClinic=
353,노철규,16,,"http://storage.iseverance.com/2009_adm_img/professor_img/위장관 노철규.JPG
",http://sev.iseverance.com/dept_clinic/department/gastrointestinal_surgery/doc/docprofile.asp?sno=14055&isClinic=
354,서원준,16,,"http://storage.iseverance.com/2009_adm_img/professor_img/서원준.jpg
",http://sev.iseverance.com/dept_clinic/department/gastrointestinal_surgery/doc/docprofile.asp?sno=14418&isClinic=
361,남궁기,17,"알코올중독, 약물남용, 불면, 우울증, 불안증, 치매","http://storage.iseverance.com/2009_adm_img/professor_img/nkk_131028_1_2.jpg
",http://sev.iseverance.com/dept_clinic/department/psychiatry/doc/docprofile.asp?sno=358&isClinic=
362,전우택,17,우울증불안장애,"http://storage.iseverance.com/2009_adm_img/professor_img/교직원_의과대학_의학교육학과_전우택.jpg
",http://sev.iseverance.com/dept_clinic/department/psychiatry/doc/docprofile.asp?sno=371&isClinic=
363,김찬형,17,"조현병, 강박증, 우울증, 공황장애","http://storage.iseverance.com/2009_adm_img/professor_img/교직원_의과대학_정신과학교실_김찬형.jpg
",http://sev.iseverance.com/dept_clinic/department/psychiatry/doc/docprofile.asp?sno=357&isClinic=
364,조현상,17,"조울증 및 우울증의 약물치료 및 신경생리 조현병의 정신약물학","http://storage.iseverance.com/2009_adm_img/professor_img/교직원_의과대학_정신과학교실_조현상.jpg
",http://sev.iseverance.com/dept_clinic/department/psychiatry/doc/docprofile.asp?sno=372&isClinic=
365,안석균,17,"조현병, 정신증, 정신증 고위험군(고립, 방황, 혼란, 착각 및  낯선소리)","http://storage.iseverance.com/2009_adm_img/professor_img/교직원_의과대학_정신과학교실_안석균.jpg
",http://sev.iseverance.com/dept_clinic/department/psychiatry/doc/docprofile.asp?sno=367&isClinic=
366,김세주,17,"강박증, 우울증, 조울증, 불안장애","http://storage.iseverance.com/2009_adm_img/professor_img/sjkim.jpg
",http://sev.iseverance.com/dept_clinic/department/psychiatry/doc/docprofile.asp?sno=1589&isClinic=
367,정영철,17,"불안, 우울, 스트레스, 치매, 중독, 섭식","http://storage.iseverance.com/2009_adm_img/professor_img/교직원_의과대학_정신과학교실_정영철.jpg
",http://sev.iseverance.com/dept_clinic/department/psychiatry/doc/docprofile.asp?sno=1652&isClinic=
368,이은,17,"<정신건강의학과> 수면장애,신체증상에 동반된 정신과적 문제, 노인우울증<수면건강센터> 불면증, 수면주기/수면리듬 장애, 불면증 인지행동치료","http://storage.iseverance.com/2009_adm_img/professor_img/el_87_1.jpg
",http://sev.iseverance.com/dept_clinic/department/psychiatry/doc/docprofile.asp?sno=2829&isClinic=
369,강지인,17,"공황장애, 불안장애, 신경성신체증상, 정신신체장애","http://storage.iseverance.com/2009_adm_img/professor_img/강지인_2.jpg
",http://sev.iseverance.com/dept_clinic/department/psychiatry/doc/docprofile.asp?sno=7647&isClinic=
370,김어수,17,"경도인지장애, 알츠하이머 치매, 노년우울증","http://storage.iseverance.com/2009_adm_img/professor_img/교직원_의과대학_정신과학교실_김어수.jpg
",http://sev.iseverance.com/dept_clinic/department/psychiatry/doc/docprofile.asp?sno=2417&isClinic=
371,김경란,17,"정신종양학(암환자의 불면, 불안, 우울), 우울증, 불면, 섭식장애, 정신분열증","http://storage.iseverance.com/2009_adm_img/professor_img/교직원_의과대학_정신과학교실_김경란.jpg
",http://sev.iseverance.com/dept_clinic/department/psychiatry/doc/docprofile.asp?sno=2729&isClinic=
372,방민지,17,"조현병, 정신증, 정신증 고위험군","http://storage.iseverance.com/2009_adm_img/professor_img/0184827(1).jpg
",http://sev.iseverance.com/dept_clinic/department/psychiatry/doc/docprofile.asp?sno=12787&isClinic=
373,이덕종,17,"중독, 불안장애","http://storage.iseverance.com/2009_adm_img/professor_img/이덕종.jpg
",http://sev.iseverance.com/dept_clinic/department/psychiatry/doc/docprofile.asp?sno=14066&isClinic=
374,이소정,17,"우울증, 불안증, 불면증","http://storage.iseverance.com/2009_adm_img/professor_img/이소정.JPG
",http://sev.iseverance.com/dept_clinic/department/psychiatry/doc/docprofile.asp?sno=14067&isClinic=
375,장진구,17,"불안장애, 강박증, 우울증, 수면장애","http://storage.iseverance.com/2009_adm_img/professor_img/장진구840320_1.jpg
",http://sev.iseverance.com/dept_clinic/department/psychiatry/doc/docprofile.asp?sno=14430&isClinic=
376,신규호,18,"<정형외과> 종양외과,골연부조직암","http://storage.iseverance.com/2009_adm_img/professor_img/신규호.JPG
",http://sev.iseverance.com/dept_clinic/department/orthopedic_surgery/doc/docprofile.asp?sno=219&isClinic=
377,이환모,18,"척추협착증, 경요추 디스크질환, 골다공증, 척추종양","http://storage.iseverance.com/2009_adm_img/professor_img/교직원_의과대학_정형외과학교실_이환모.jpg
",http://sev.iseverance.com/dept_clinic/department/orthopedic_surgery/doc/docprofile.asp?sno=223&isClinic=
378,양익환,18,"인공관절,관절염","http://storage.iseverance.com/2009_adm_img/professor_img/양익환.JPG
",http://sev.iseverance.com/dept_clinic/department/orthopedic_surgery/doc/docprofile.asp?sno=221&isClinic=
379,최종혁,18,"관절경클리닉,스포츠의학","http://storage.iseverance.com/2009_adm_img/professor_img/교직원_의과대학_정형외과학교실_최종혁.jpg
",http://sev.iseverance.com/dept_clinic/department/orthopedic_surgery/doc/docprofile.asp?sno=224&isClinic=
380,문성환,18,"척추협착증, 경요추 디스크질환, 골다공증, 척추종양","http://storage.iseverance.com/2009_adm_img/professor_img/교직원_의과대학_정형외과학교실_문성환.jpg
",http://sev.iseverance.com/dept_clinic/department/orthopedic_surgery/doc/docprofile.asp?sno=217&isClinic=
381,이진우,18,족부외과,"http://storage.iseverance.com/2009_adm_img/professor_img/교직원_의과대학_정형외과학교실_이진우.jpg
",http://sev.iseverance.com/dept_clinic/department/orthopedic_surgery/doc/docprofile.asp?sno=222&isClinic=
382,천용민,18,견주관절,"http://storage.iseverance.com/2009_adm_img/professor_img/천용민.jpg
",http://sev.iseverance.com/dept_clinic/department/orthopedic_surgery/doc/docprofile.asp?sno=2846&isClinic=
383,박관규,18,"퇴행성 관절염, 무혈성괴사, 인공관절, 재치환술, 고관절 골절","http://storage.iseverance.com/2009_adm_img/professor_img/박관규 최근.jpg
",http://sev.iseverance.com/dept_clinic/department/orthopedic_surgery/doc/docprofile.asp?sno=3044&isClinic=
384,최윤락,18,"수부외과, 미세수술","http://storage.iseverance.com/2009_adm_img/professor_img/교직원_의과대학_정형외과학교실_최윤락.jpg
",http://sev.iseverance.com/dept_clinic/department/orthopedic_surgery/doc/docprofile.asp?sno=2932&isClinic=
385,김승현,18,"종양외과, 외상전문","http://storage.iseverance.com/2009_adm_img/professor_img/김승현(재임용).jpg
",http://sev.iseverance.com/dept_clinic/department/orthopedic_surgery/doc/docprofile.asp?sno=12691&isClinic=
386,황역구,18,,"http://storage.iseverance.com/2009_adm_img/professor_img/0185273.jpg
",http://sev.iseverance.com/dept_clinic/department/orthopedic_surgery/doc/docprofile.asp?sno=12825&isClinic=
387,오원택,18,"수부외과, 주관절, 미세수술, 상완신경총손상, 흉곽출구증후군","http://storage.iseverance.com/2009_adm_img/professor_img/0112034(0).jpg
",http://sev.iseverance.com/dept_clinic/department/orthopedic_surgery/doc/docprofile.asp?sno=13839&isClinic=
388,정민,18,"관절경외과, 스포츠의학, 슬관절, 견관절, 인대연골손상","http://storage.iseverance.com/2009_adm_img/professor_img/정민.jpg
",http://sev.iseverance.com/dept_clinic/department/orthopedic_surgery/doc/docprofile.asp?sno=13875&isClinic=
389,임상윤,18,,"http://storage.iseverance.com/2009_adm_img/professor_img/0187777.bmp
",http://sev.iseverance.com/dept_clinic/department/orthopedic_surgery/doc/docprofile.asp?sno=14069&isClinic=
390,박광환,18,"족부외과, 발목연골손상, 발목인대파열, 발목관절염, 무지외반증, 족저근막염, 당뇨발","http://storage.iseverance.com/2009_adm_img/professor_img/박광환_2.jpg
",http://sev.iseverance.com/dept_clinic/department/orthopedic_surgery/doc/docprofile.asp?sno=14223&isClinic=
391,김준식,18,,"http://storage.iseverance.com/2009_obj_isev/images/professor_no_picture.jpg
",http://sev.iseverance.com/dept_clinic/department/orthopedic_surgery/doc/docprofile.asp?sno=14431&isClinic=
392,윤태환,18,,"http://storage.iseverance.com/2009_obj_isev/images/professor_no_picture.jpg
",http://sev.iseverance.com/dept_clinic/department/orthopedic_surgery/doc/docprofile.asp?sno=14432&isClinic=
393,정유철,18,,"http://storage.iseverance.com/2009_obj_isev/images/professor_no_picture.jpg
",http://sev.iseverance.com/dept_clinic/department/orthopedic_surgery/doc/docprofile.asp?sno=14433&isClinic=
394,이길형,18,,"http://storage.iseverance.com/2009_obj_isev/images/professor_no_picture.jpg
",http://sev.iseverance.com/dept_clinic/department/orthopedic_surgery/doc/docprofile.asp?sno=14434&isClinic=
395,권혁민,18,,"http://storage.iseverance.com/2009_obj_isev/images/professor_no_picture.jpg
",http://sev.iseverance.com/dept_clinic/department/orthopedic_surgery/doc/docprofile.asp?sno=14435&isClinic=
396,알로와이쉐이거홀,18,,"http://storage.iseverance.com/2009_obj_isev/images/professor_no_picture.jpg
",http://sev.iseverance.com/dept_clinic/department/orthopedic_surgery/doc/docprofile.asp?sno=24800&isClinic=
397,이병호,18,"척추관 협착증 및 디스크 질환, 척추 외상, 척추측만증, 골다공증성 척추질환","http://storage.iseverance.com/2009_adm_img/professor_img/이병호(0).jpg
",http://sev.iseverance.com/dept_clinic/department/orthopedic_surgery/doc/docprofile.asp?sno=25016&isClinic=
407,이재길,19,"외상, 외과적 응급질환, 외과중환자관리(응급질환 중환자관리) 응급실, 소화기병센터 내 외래","http://storage.iseverance.com/2009_adm_img/professor_img/이재길1.jpg
",http://sev.iseverance.com/dept_clinic/department/trauma_surgery/doc/docprofile.asp?sno=2830&isClinic=
408,정명재,19,"외상, 외과적 응급질환, 외과중환자관리,응급실, 소화기병센터 내 외래","http://storage.iseverance.com/2009_adm_img/professor_img/정명재.jpg
",http://sev.iseverance.com/dept_clinic/department/trauma_surgery/doc/docprofile.asp?sno=11456&isClinic=
409,이승환,19,"외상.외과적 응급질환, 외과중환자관리(응급질환 중환자관리) 응급실, 소화기병센터 내 외래","http://storage.iseverance.com/2009_adm_img/professor_img/이승환 (1).jpg
",http://sev.iseverance.com/dept_clinic/department/trauma_surgery/doc/docprofile.asp?sno=11457&isClinic=
410,조대현,19,,"http://storage.iseverance.com/2009_adm_img/professor_img/조대현.jpg
",http://sev.iseverance.com/dept_clinic/department/trauma_surgery/doc/docprofile.asp?sno=13216&isClinic=
411,최영운,19,,"http://storage.iseverance.com/2009_adm_img/professor_img/최영운.jpg
",http://sev.iseverance.com/dept_clinic/department/trauma_surgery/doc/docprofile.asp?sno=13217&isClinic=
412,김명준,19,,"http://storage.iseverance.com/2009_adm_img/professor_img/김명준.jpg
",http://sev.iseverance.com/dept_clinic/department/trauma_surgery/doc/docprofile.asp?sno=13938&isClinic=
413,정윤태,19,,"http://storage.iseverance.com/2009_adm_img/professor_img/정윤태(0).jpg
",http://sev.iseverance.com/dept_clinic/department/trauma_surgery/doc/docprofile.asp?sno=14424&isClinic=
414,박정윤,19,,"http://storage.iseverance.com/2009_adm_img/professor_img/박정윤(0).jpg
",http://sev.iseverance.com/dept_clinic/department/trauma_surgery/doc/docprofile.asp?sno=24500&isClinic=
422,이광훈,20,"아토피피부염, 알레르기, 피부진균증, 피부노화","http://storage.iseverance.com/2009_adm_img/professor_img/교직원_의과대학_피부과학교실_이광훈.jpg
",http://sev.iseverance.com/dept_clinic/department/dermatology/doc/docprofile.asp?sno=404&isClinic=
423,이민걸,20,"건선, 접촉피부염, 피부암, 매독, 박피술, 레이저(◎월오후, 피부박피 및 레이저치료 ◎수오후, 건선특수클리닉)","http://storage.iseverance.com/2009_adm_img/professor_img/교직원_의과대학_피부과학교실_이민걸.jpg
",http://sev.iseverance.com/dept_clinic/department/dermatology/doc/docprofile.asp?sno=405&isClinic=
424,정기양,20,"*피부암, 피부외과치료(피부암, 켈로이드 등 흉터 수술, 화학박피, 레이저치료, 혈관경화요법 등)피부노화 치료(눈꺼풀 처짐과 눈 및 지방 등의 수술적 치료, 레이저 치료 등), 경","http://storage.iseverance.com/2009_adm_img/professor_img/교직원_의과대학_피부과학교실_정기양.jpg
",http://sev.iseverance.com/dept_clinic/department/dermatology/doc/docprofile.asp?sno=407&isClinic=
425,이주희,20,"흉터, 레이저, 여드름, 피부미용, 피부노화, 기미 및 반점, 탈모","http://storage.iseverance.com/2009_adm_img/professor_img/이주희.jpg
",http://sev.iseverance.com/dept_clinic/department/dermatology/doc/docprofile.asp?sno=510&isClinic=
426,오상호,20,"백반증, 광(햇빛)과민성질환, 피부색소질환(기미,밀크커피색반점,오타모반), 피부미용 및 레이저","http://storage.iseverance.com/2009_adm_img/professor_img/교직원_의과대학_피부과학교실_오상호.jpg
",http://sev.iseverance.com/dept_clinic/department/dermatology/doc/docprofile.asp?sno=2565&isClinic=
427,박창욱,20,"아토피피부염, 알레르기, 피부진균증, 피부노화, 알레르기클리닉목 오후: 알레르기천식센터 진료(아토피, 알레르기 관련 피부질환)","http://storage.iseverance.com/2009_adm_img/professor_img/박창욱사진(2016년3월)(0).jpg
",http://sev.iseverance.com/dept_clinic/department/dermatology/doc/docprofile.asp?sno=12704&isClinic=
428,김도영,20,"베체트병, 구강점막질환, 모발(피부미용 및 레이저 치료)","http://storage.iseverance.com/2009_adm_img/professor_img/김도영_2.jpg
",http://sev.iseverance.com/dept_clinic/department/dermatology/doc/docprofile.asp?sno=7648&isClinic=
429,김지희,20,"피부미용, 레이저, 피부노화, 흉터, 기미 및 반점금 오후) 흉터성형레이저센터","http://storage.iseverance.com/2009_adm_img/professor_img/김지희(흉터성형레이저센터).jpg
",http://sev.iseverance.com/dept_clinic/department/dermatology/doc/docprofile.asp?sno=12800&isClinic=
430,김태균,20,"건선, 베체트병, 접촉피부염, 매독","http://storage.iseverance.com/2009_adm_img/professor_img/김태균강사.jpg
",http://sev.iseverance.com/dept_clinic/department/dermatology/doc/docprofile.asp?sno=14076&isClinic=
431,이민경,20,"아토피피부염, 알레르기, 백반증, 피부색소질환, 탈모, 피부미용 및 레이저","http://storage.iseverance.com/2009_obj_isev/images/professor_no_picture.jpg
",http://sev.iseverance.com/dept_clinic/department/dermatology/doc/docprofile.asp?sno=14077&isClinic=
432,정진영,20,"피부미용, 레이저, 피부노화, 여드름수요일 오전 수술 및 치료, 금요일 오후 피부미용치료","http://storage.iseverance.com/2009_adm_img/professor_img/정진영선생님 사진(최종).JPG
",http://sev.iseverance.com/dept_clinic/department/dermatology/doc/docprofile.asp?sno=24845&isClinic=
433,오병호,20,"피부암수술, 여드름, 흉터, 피부미용/레이저, 난치성 사마귀, 조갑질환, 혈관질환, 미용시술부작용","http://storage.iseverance.com/2009_adm_img/professor_img/교직원_의과대학_피부과학교실_오병호.jpg
",http://sev.iseverance.com/dept_clinic/department/dermatology/doc/docprofile.asp?sno=24879&isClinic=
437,조응혁,21,"<핵의학과> 갑상선 동위원소 치료","http://storage.iseverance.com/2009_adm_img/professor_img/교직원_의과대학_핵의학교실_조응혁.jpg
",http://sev.iseverance.com/dept_clinic/department/nuclear_medicine/doc/docprofile.asp?sno=7655&isClinic=
438,윤미진,21,"<핵의학과> 종양핵의학(Nuclear Oncology), 심장핵의학(Nuclear Cardiology), 갑상선 동위원소 치료","http://storage.iseverance.com/2009_adm_img/professor_img/핵의학과 윤미진(2014년8월).jpg
",http://sev.iseverance.com/dept_clinic/department/nuclear_medicine/doc/docprofile.asp?sno=298&isClinic=
439,강원준,21,"<핵의학과> 심장 핵의학 (Nuclear cardiology), 종양 핵의학 (Nuclear oncology), 갑상선 동위원소 치료 ","http://storage.iseverance.com/2009_adm_img/professor_img/교직원_의과대학_핵의학교실_강원준.jpg
",http://sev.iseverance.com/dept_clinic/department/nuclear_medicine/doc/docprofile.asp?sno=2656&isClinic=
440,김현정,21,,"http://storage.iseverance.com/2009_adm_img/professor_img/khj_210x264.jpg
",http://sev.iseverance.com/dept_clinic/department/nuclear_medicine/doc/docprofile.asp?sno=12669&isClinic=
441,조호진,21,,"http://storage.iseverance.com/2009_adm_img/professor_img/조호진.jpg
",http://sev.iseverance.com/dept_clinic/department/nuclear_medicine/doc/docprofile.asp?sno=12866&isClinic=
442,김성훈,21,,"http://storage.iseverance.com/2009_obj_isev/images/professor_no_picture.jpg
",http://sev.iseverance.com/dept_clinic/department/nuclear_medicine/doc/docprofile.asp?sno=14438&isClinic=
444,민유홍,22,"<혈액내과> 급성골수성 백혈병, 급성림프구성 백혈병, 만성 백혈병, 조혈모세포이식, 신약임상시험, 골수형성이상증후군,금오전:이식편숙주질환","http://storage.iseverance.com/2009_adm_img/professor_img/민유홍_1.jpg
",http://sev.iseverance.com/dept_clinic/department/hematology/doc/docprofile.asp?sno=331&isClinic=
445,정준원,22,"<혈액내과> 백혈병,다발성골수종,악성림프종,신약임상시험, <암예방센터> 골수형성이상증후군","http://storage.iseverance.com/2009_adm_img/professor_img/정준원.jpg
",http://sev.iseverance.com/dept_clinic/department/hematology/doc/docprofile.asp?sno=1025&isClinic=
446,김진석,22,"<혈액내과> 악성림프종, 다발성골수종, 조혈모세포이식, 빈혈, 출혈성 질환, 혈액종양, 신약임상시험","http://storage.iseverance.com/2009_adm_img/professor_img/교직원_의과대학_내과학교실_김진석.jpg
",http://sev.iseverance.com/dept_clinic/department/hematology/doc/docprofile.asp?sno=1611&isClinic=
447,김수정,22,"<혈액내과> 악성림프종, 골수증식질환, 조혈모세포이식,혈액종양, 신약임상시험","http://storage.iseverance.com/2009_adm_img/professor_img/0110003.jpg
",http://sev.iseverance.com/dept_clinic/department/hematology/doc/docprofile.asp?sno=2711&isClinic=
448,김윤덕,22,"<혈액내과> 혈액종양, 악성림프종, 골수증식질환, 일반혈액질환, 신약임상시험","http://storage.iseverance.com/2009_adm_img/professor_img/M2_kyd2.jpg
",http://sev.iseverance.com/dept_clinic/department/hematology/doc/docprofile.asp?sno=3515&isClinic=
449,장지은,22,"혈액종양, 악성림프종, 백혈병, 일반혈액질환, 신약임상시험","http://storage.iseverance.com/2009_adm_img/professor_img/021_혈액내과_장지은.jpg
",http://sev.iseverance.com/dept_clinic/department/hematology/doc/docprofile.asp?sno=13870&isClinic=
450,정해림,22,"빈혈, 출혈성질환,혈액질환","http://storage.iseverance.com/2009_adm_img/professor_img/정해림.jpg
",http://sev.iseverance.com/dept_clinic/department/hematology/doc/docprofile.asp?sno=13979&isClinic=
451,장준,23,"<호흡기내과> 폐 종양, 만성 폐쇄성 폐질환","http://storage.iseverance.com/2009_adm_img/professor_img/교직원_의과대학_내과학교실_장준.jpg
",http://sev.iseverance.com/dept_clinic/department/pulmonology/doc/docprofile.asp?sno=342&isClinic=
452,김영삼,23,"중환자치료, 만성 폐쇄성 폐질환","http://storage.iseverance.com/2009_adm_img/professor_img/교직원_의과대학_내과학교실_김영삼.jpg
",http://sev.iseverance.com/dept_clinic/department/pulmonology/doc/docprofile.asp?sno=338&isClinic=
453,박무석,23,"간질성폐질환, 중환자의학, 폐이식","http://storage.iseverance.com/2009_adm_img/professor_img/교직원_의과대학_내과학교실_박무석.jpg
",http://sev.iseverance.com/dept_clinic/department/pulmonology/doc/docprofile.asp?sno=993&isClinic=
454,강영애,23,"내성결핵, 잠복결핵, 폐결핵, 비결핵 항산균 폐질환","http://storage.iseverance.com/2009_adm_img/professor_img/교직원_의과대학_내과학교실_강영애.jpg
",http://sev.iseverance.com/dept_clinic/department/pulmonology/doc/docprofile.asp?sno=3038&isClinic=
455,정지예,23,"<호흡기내과> 만성폐쇄성폐질환, 폐렴, 기관지내시경","http://storage.iseverance.com/2009_adm_img/professor_img/교직원_의과대학_내과학교실_정지예.jpg
",http://sev.iseverance.com/dept_clinic/department/pulmonology/doc/docprofile.asp?sno=3059&isClinic=
456,김은영,23,"<호흡기내과> 폐암,폐종양,종격동 종양,기관지내시경  <암예방센터> 폐암 고위험군- 흉부 엑스선 혹은 CT 촬영에서 발견된 폐 결절","http://storage.iseverance.com/2009_adm_img/professor_img/교직원_의과대학_내과학교실_김은영.jpg
",http://sev.iseverance.com/dept_clinic/department/pulmonology/doc/docprofile.asp?sno=11495&isClinic=
457,정경수,23,"<호흡기내과> 중환자치료, 급성호흡곤란증후군, 패혈증, 만성 폐쇄성 폐질환, 기관지확장증","http://storage.iseverance.com/2009_adm_img/professor_img/교직원_의과대학_내과학교실_정경수.jpg
",http://sev.iseverance.com/dept_clinic/department/pulmonology/doc/docprofile.asp?sno=13865&isClinic=
458,김송이,23,"폐이식, 간질성 폐질환","http://storage.iseverance.com/2009_adm_img/professor_img/교직원_의과대학_내과학교실_김송이.jpg
",http://sev.iseverance.com/dept_clinic/department/pulmonology/doc/docprofile.asp?sno=13866&isClinic=
459,송주한,23,"중환자치료,급성호흡곤란증후군,패혈증,만성폐쇄성폐질환","http://storage.iseverance.com/2009_adm_img/professor_img/0111439.jpg
",http://sev.iseverance.com/dept_clinic/department/pulmonology/doc/docprofile.asp?sno=7660&isClinic=
460,임아영,23,"중환자 치료, 만성폐쇄성 폐질환","http://storage.iseverance.com/2009_adm_img/professor_img/0180218.jpg
",http://sev.iseverance.com/dept_clinic/department/pulmonology/doc/docprofile.asp?sno=12688&isClinic=
461,이은혜,23,"폐렴, 결핵, 기도질환, 폐결절","http://storage.iseverance.com/2009_adm_img/professor_img/이은혜.jpg
",http://sev.iseverance.com/dept_clinic/department/pulmonology/doc/docprofile.asp?sno=12753&isClinic=
462,박지은,23,"폐렴, 결핵, 기도질환, 폐결절","http://storage.iseverance.com/2009_adm_img/professor_img/박지은.jpg
",http://sev.iseverance.com/dept_clinic/department/pulmonology/doc/docprofile.asp?sno=12754&isClinic=
463,김치영,23,"폐렴, 결핵, 기도질환, 폐결절","http://storage.iseverance.com/2009_adm_img/professor_img/김치영.jpg
",http://sev.iseverance.com/dept_clinic/department/pulmonology/doc/docprofile.asp?sno=12756&isClinic=
464,이정모,23,"폐렴, 결핵, 기도질환, 폐결절","http://storage.iseverance.com/2009_adm_img/professor_img/0184542.jpg
",http://sev.iseverance.com/dept_clinic/department/pulmonology/doc/docprofile.asp?sno=12757&isClinic=
465,윤보라,23,,"http://storage.iseverance.com/2009_obj_isev/images/professor_no_picture.jpg
",http://sev.iseverance.com/dept_clinic/department/pulmonology/doc/docprofile.asp?sno=13980&isClinic=
466,최지수,23,,"http://storage.iseverance.com/2009_obj_isev/images/professor_no_picture.jpg
",http://sev.iseverance.com/dept_clinic/department/pulmonology/doc/docprofile.asp?sno=13981&isClinic=
467,설창환,23,,"http://storage.iseverance.com/2009_obj_isev/images/professor_no_picture.jpg
",http://sev.iseverance.com/dept_clinic/department/pulmonology/doc/docprofile.asp?sno=14384&isClinic=
482,정경영,24,"<흉부외과> 폐암,식도암,종격동 종양, 중증 근무력증","http://storage.iseverance.com/2009_adm_img/professor_img/pf_jky.jpg
",http://sev.iseverance.com/dept_clinic/department/chest_surgery/doc/docprofile.asp?sno=194&isClinic=
483,백효채,24,"<흉부외과> 폐이식, 폐암, 간질성 폐질환, 흉막질환월 오후 암병원 폐암전문진료","http://storage.iseverance.com/2009_adm_img/professor_img/교직원_의과대학_흉부외과학교실_백효채.jpg
",http://sev.iseverance.com/dept_clinic/department/chest_surgery/doc/docprofile.asp?sno=436&isClinic=
484,김대준,24,"<흉부외과> 식도암,폐암,로봇 수술(식도암,중증근무력증), 수 오후: 본관 식도암전문진료","http://storage.iseverance.com/2009_adm_img/professor_img/djkim_210_1.jpg
",http://sev.iseverance.com/dept_clinic/department/chest_surgery/doc/docprofile.asp?sno=473&isClinic=
485,이진구,24,"<흉부외과> 폐암, 폐이식, 말기 폐질환, 흉막질환, 로봇수술","http://storage.iseverance.com/2009_adm_img/professor_img/pf_ljg.jpg
",http://sev.iseverance.com/dept_clinic/department/chest_surgery/doc/docprofile.asp?sno=2006&isClinic=
486,이창영,24,"<흉부외과> 폐암, 전이성 폐암, 감염성 폐질환, 흉막질환해외연수중(2018. 9월까지)","http://storage.iseverance.com/2009_adm_img/professor_img/pf_lcy.jpg
",http://sev.iseverance.com/dept_clinic/department/chest_surgery/doc/docprofile.asp?sno=2439&isClinic=
487,박성용,24,"<흉부외과> 폐암, 식도암, 로봇 수술, 전이성 폐암, 종격동 종양, 악성 중피종금 오전 암병원 식도암 전문진료","http://storage.iseverance.com/2009_adm_img/professor_img/박성용.jpg
",http://sev.iseverance.com/dept_clinic/department/chest_surgery/doc/docprofile.asp?sno=13836&isClinic=
488,남경식,24,,"http://storage.iseverance.com/2009_obj_isev/images/professor_no_picture.jpg
",http://sev.iseverance.com/dept_clinic/department/chest_surgery/doc/docprofile.asp?sno=12024&isClinic=
489,서지원,24,,"http://storage.iseverance.com/2009_obj_isev/images/professor_no_picture.jpg
",http://sev.iseverance.com/dept_clinic/department/chest_surgery/doc/docprofile.asp?sno=12814&isClinic=
497,박은숙,25,"소아재활,발달장애,뇌성마비재활","http://storage.iseverance.com/2009_adm_img/professor_img/교직원_의과대학_재활의학교실_박은숙.jpg
",http://sev.iseverance.com/rehabil/dept_clinic/department/rehabilitation/doc/docprofile.asp?sno=309&isClinic=
498,신지철,25,"<재활의학과> 척수손상,절단,뇌손상,통증재활,림프부종재활( 목요일 오후:유방암센터 진료)","http://storage.iseverance.com/2009_adm_img/professor_img/교직원_의과대학_재활의학교실_신지철.jpg
",http://sev.iseverance.com/rehabil/dept_clinic/department/rehabilitation/doc/docprofile.asp?sno=311&isClinic=
499,김덕용,25,"뇌졸중재활,통증재활,연하곤란","http://storage.iseverance.com/2009_adm_img/professor_img/교직원_의과대학_재활의학교실_김덕용.jpg
",http://sev.iseverance.com/rehabil/dept_clinic/department/rehabilitation/doc/docprofile.asp?sno=306&isClinic=
500,김용욱,25,"뇌신경약물치료(인지/언어장애)뇌손상(저산소성,외상성),뇌졸중(뇌경색,뇌출혈),노인재활(혈관성 파킨슨증후군, 파킨슨병,치매)오십견, 통증재활","http://storage.iseverance.com/2009_adm_img/professor_img/교직원_의과대학_재활의학교실_김용욱.jpg
",http://sev.iseverance.com/rehabil/dept_clinic/department/rehabilitation/doc/docprofile.asp?sno=861&isClinic=
501,조성래,25,"성인 뇌성마비, 근긴장이상증(디스토니아), 내외과계 질환 후 재활","http://storage.iseverance.com/2009_adm_img/professor_img/교직원_의과대학_재활의학교실_조성래.jpg
",http://sev.iseverance.com/rehabil/dept_clinic/department/rehabilitation/doc/docprofile.asp?sno=1741&isClinic=
502,나동욱,25,"소아재활, 뇌손상재활, 전기진단, 발달장애, 통증재활","http://storage.iseverance.com/2009_adm_img/professor_img/나동욱(0).jpg
",http://sev.iseverance.com/rehabil/dept_clinic/department/rehabilitation/doc/docprofile.asp?sno=1614&isClinic=
503,이상철,25,"회전근개파열어깨 목 허리 통증의 비수술적 치료정형외과 수술 후 재활, 스포츠재활만성골반통증안면신경마비, 성인 뇌손상/뇌종양","http://storage.iseverance.com/2009_adm_img/professor_img/재활 이상철.jpg
",http://sev.iseverance.com/rehabil/dept_clinic/department/rehabilitation/doc/docprofile.asp?sno=11504&isClinic=
504,김나영,25,"성인 뇌졸중, 외상성 뇌손상, 저산소성 뇌손상, 통증, 장애진단","http://storage.iseverance.com/2009_adm_img/professor_img/교직원_의과대학_재활의학교실_김나영.jpg
",http://sev.iseverance.com/rehabil/dept_clinic/department/rehabilitation/doc/docprofile.asp?sno=11638&isClinic=
505,박한결,25,"소아재활, 뇌성마비 재활, 발달지연, 언어지연, 사경, 통증, 장애진단","http://storage.iseverance.com/2009_adm_img/professor_img/4_박한결 사진.jpg
",http://sev.iseverance.com/rehabil/dept_clinic/department/rehabilitation/doc/docprofile.asp?sno=14063&isClinic=
512,장양수,26,"협심증, 심근경색증","http://storage.iseverance.com/2009_adm_img/professor_img/장양수.jpg
",http://sev.iseverance.com/heart/dept_clinic/department/cardiology/doc/docprofile.asp?sno=320&isClinic=
513,이문형,26,"부정맥, 심박동기, 심장전기생리검사, 전극도자절제술, 제세동기,심부전박동기 치료술","http://storage.iseverance.com/2009_adm_img/professor_img/emh.jpg
",http://sev.iseverance.com/heart/dept_clinic/department/cardiology/doc/docprofile.asp?sno=318&isClinic=
514,홍명기,26,"협심증, 심근경색증","http://storage.iseverance.com/2009_adm_img/professor_img/홍명기(0).jpg
",http://sev.iseverance.com/heart/dept_clinic/department/cardiology/doc/docprofile.asp?sno=3028&isClinic=
515,하종원,26,"협심증, 심근경색증, 판막증, 고혈압, 심부전증, 심근증, 심낭질환","http://storage.iseverance.com/2009_adm_img/professor_img/하종원-명찰사진 .jpg
",http://sev.iseverance.com/heart/dept_clinic/department/cardiology/doc/docprofile.asp?sno=324&isClinic=
516,최동훈,26,"대동맥질환, 혈관질환, 줄기세포치료","http://storage.iseverance.com/2009_adm_img/professor_img/최동훈.jpg
",http://sev.iseverance.com/heart/dept_clinic/department/cardiology/doc/docprofile.asp?sno=323&isClinic=
517,강석민,26,"심부전, 심장이식, 심장재활, 고혈압, 협심증, 심근경색","http://storage.iseverance.com/2009_adm_img/professor_img/강석민.jpg
",http://sev.iseverance.com/heart/dept_clinic/department/cardiology/doc/docprofile.asp?sno=113&isClinic=
518,박희남,26,"부정맥, 심방세동, 심실빈맥","http://storage.iseverance.com/2009_adm_img/professor_img/phn.jpg
",http://sev.iseverance.com/heart/dept_clinic/department/cardiology/doc/docprofile.asp?sno=3031&isClinic=
519,고영국,26,"대동맥질환, 혈관질환","http://storage.iseverance.com/2009_adm_img/professor_img/고영국.jpg
",http://sev.iseverance.com/heart/dept_clinic/department/cardiology/doc/docprofile.asp?sno=34&isClinic=
520,홍그루,26,"심장판막질환, 심근증, 고혈압, 심부전, 심근경색증","http://storage.iseverance.com/2009_adm_img/professor_img/교직원_의과대학_내과학교실_홍그루.jpg
",http://sev.iseverance.com/heart/dept_clinic/department/cardiology/doc/docprofile.asp?sno=13869&isClinic=
521,이상학,26,"협심증, 심근경색증, 심부전, 고지혈증","http://storage.iseverance.com/2009_adm_img/professor_img/이상학 1(0).jpg
",http://sev.iseverance.com/heart/dept_clinic/department/cardiology/doc/docprofile.asp?sno=2360&isClinic=
522,정보영,26,"부정맥, 심박동기, 심장전기생리검사, 전극도자절제술, 제세동기, 심부전박동기 치료술","http://storage.iseverance.com/2009_adm_img/professor_img/교직원_의과대학_내과학교실_정보영.jpg
",http://sev.iseverance.com/heart/dept_clinic/department/cardiology/doc/docprofile.asp?sno=848&isClinic=
523,장혁재,26,"심장혈관질환, 심부전증, 심근질환, 폐고혈압","http://storage.iseverance.com/2009_adm_img/professor_img/장혁재.jpg
",http://sev.iseverance.com/heart/dept_clinic/department/cardiology/doc/docprofile.asp?sno=3026&isClinic=
524,박성하,26,"<심장내과> 협심증, 심근경색증, 고혈압, 대사증후군<수면건강센터> 수면무호흡과 동반된 심장질환, 대사증후군","http://storage.iseverance.com/2009_adm_img/professor_img/psh.JPG
",http://sev.iseverance.com/heart/dept_clinic/department/cardiology/doc/docprofile.asp?sno=885&isClinic=
525,김병극,26,"협심증, 관상동맥협착증, 심근경색증, 난치성 고혈압 시술치료","http://storage.iseverance.com/2009_adm_img/professor_img/김병극2.jpg
",http://sev.iseverance.com/heart/dept_clinic/department/cardiology/doc/docprofile.asp?sno=7642&isClinic=
526,김중선,26,"협심증, 심근경색증, 혈관질환","http://storage.iseverance.com/2009_adm_img/professor_img/김중선.jpg
",http://sev.iseverance.com/heart/dept_clinic/department/cardiology/doc/docprofile.asp?sno=1694&isClinic=
527,안철민,26,"협심증, 심근경색증, 대동맥질환, 혈관질환","http://storage.iseverance.com/2009_adm_img/professor_img/안철민.jpg
",http://sev.iseverance.com/heart/dept_clinic/department/cardiology/doc/docprofile.asp?sno=12653&isClinic=
528,심지영,26,"판막증, 고혈압, 심초음파","http://storage.iseverance.com/2009_adm_img/professor_img/심지영 (심장내과).jpg
",http://sev.iseverance.com/heart/dept_clinic/department/cardiology/doc/docprofile.asp?sno=1584&isClinic=
529,엄재선,26,"부정맥 (상심실성빈맥, 심방세동, 심실빈맥), 급사, 심장전기생리검사 및 전극도자절제술, 심박동기, 제세동기","http://storage.iseverance.com/2009_adm_img/professor_img/엄재선.jpg
",http://sev.iseverance.com/heart/dept_clinic/department/cardiology/doc/docprofile.asp?sno=13867&isClinic=
530,조인정,26,"판막증, 심부전, 심장초음파, 고혈압","http://storage.iseverance.com/2009_adm_img/professor_img/조인정.jpg
",http://sev.iseverance.com/heart/dept_clinic/department/cardiology/doc/docprofile.asp?sno=3064&isClinic=
531,홍성진,26,"심근경색증, 협심증","http://storage.iseverance.com/2009_adm_img/professor_img/홍성진(0).jpg
",http://sev.iseverance.com/heart/dept_clinic/department/cardiology/doc/docprofile.asp?sno=13827&isClinic=
532,위진,26,"심장중환자, 급성심정지, 심인성쇼크, 체외막형산소화요법(에크모)","http://storage.iseverance.com/2009_adm_img/professor_img/위진.jpg
",http://sev.iseverance.com/heart/dept_clinic/department/cardiology/doc/docprofile.asp?sno=3395&isClinic=
533,김태훈,26,"부정맥 (상심실성빈맥, 심방세동, 심실빈맥), 급사, 심장전기생리검사 및 전극도자절제술, 심박동기, 제세동기","http://storage.iseverance.com/2009_adm_img/professor_img/김태훈 사진.jpg
",http://sev.iseverance.com/heart/dept_clinic/department/cardiology/doc/docprofile.asp?sno=11521&isClinic=
534,오재원,26,"심부전, 심장이식, 심장재활, 고혈압, 협심증, 심근경색증","http://storage.iseverance.com/2009_adm_img/professor_img/오재원-사진.jpg
",http://sev.iseverance.com/heart/dept_clinic/department/cardiology/doc/docprofile.asp?sno=13919&isClinic=
535,김다래,26,,"http://storage.iseverance.com/2009_adm_img/professor_img/김다래.jpg
",http://sev.iseverance.com/heart/dept_clinic/department/cardiology/doc/docprofile.asp?sno=11552&isClinic=
536,남종호,26,,"http://storage.iseverance.com/2009_adm_img/professor_img/남종호(0).jpg
",http://sev.iseverance.com/heart/dept_clinic/department/cardiology/doc/docprofile.asp?sno=13968&isClinic=
537,양필성,26,,"http://storage.iseverance.com/2009_adm_img/professor_img/양필성.jpg
",http://sev.iseverance.com/heart/dept_clinic/department/cardiology/doc/docprofile.asp?sno=11555&isClinic=
538,유희태,26,,"http://storage.iseverance.com/2009_adm_img/professor_img/유희태.jpg
",http://sev.iseverance.com/heart/dept_clinic/department/cardiology/doc/docprofile.asp?sno=11556&isClinic=
539,정해원,26,,"http://storage.iseverance.com/2009_adm_img/professor_img/정해원.jpg
",http://sev.iseverance.com/heart/dept_clinic/department/cardiology/doc/docprofile.asp?sno=13969&isClinic=
540,정현주,26,,"http://storage.iseverance.com/2009_adm_img/professor_img/정현주.png
",http://sev.iseverance.com/heart/dept_clinic/department/cardiology/doc/docprofile.asp?sno=13973&isClinic=
541,한동희,26,,"http://storage.iseverance.com/2009_adm_img/professor_img/한동희.jpg
",http://sev.iseverance.com/heart/dept_clinic/department/cardiology/doc/docprofile.asp?sno=7741&isClinic=
542,송신정,26,,"http://storage.iseverance.com/2009_adm_img/professor_img/송신정.jpg
",http://sev.iseverance.com/heart/dept_clinic/department/cardiology/doc/docprofile.asp?sno=13970&isClinic=
543,이윤정,26,,"http://storage.iseverance.com/2009_adm_img/professor_img/이윤정.jpg
",http://sev.iseverance.com/heart/dept_clinic/department/cardiology/doc/docprofile.asp?sno=13971&isClinic=
544,김규,26,,"http://storage.iseverance.com/2009_adm_img/professor_img/김규.jpg
",http://sev.iseverance.com/heart/dept_clinic/department/cardiology/doc/docprofile.asp?sno=13972&isClinic=
545,박연정,26,,"http://storage.iseverance.com/2009_adm_img/professor_img/박연정.jpg
",http://sev.iseverance.com/heart/dept_clinic/department/cardiology/doc/docprofile.asp?sno=13974&isClinic=
546,송창호,26,,"http://storage.iseverance.com/2009_adm_img/professor_img/송창호.jpg
",http://sev.iseverance.com/heart/dept_clinic/department/cardiology/doc/docprofile.asp?sno=14380&isClinic=
547,김영주,26,,"http://storage.iseverance.com/2009_adm_img/professor_img/김영주(0).jpg
",http://sev.iseverance.com/heart/dept_clinic/department/cardiology/doc/docprofile.asp?sno=14381&isClinic=
548,진무년,26,,"http://storage.iseverance.com/2009_adm_img/professor_img/진무년.png
",http://sev.iseverance.com/heart/dept_clinic/department/cardiology/doc/docprofile.asp?sno=14382&isClinic=
575,박영환,27,"선천성심장질환,성인선천성심장질환","http://storage.iseverance.com/2009_adm_img/professor_img/박영환.jpg
",http://sev.iseverance.com/heart/dept_clinic/department/cardiovascular_surgery/doc/docprofile.asp?sno=435&isClinic=
576,유경종,27,"후천성 심장질환, 관상동맥질환","http://storage.iseverance.com/2009_adm_img/professor_img/교직원_의과대학_흉부외과학교실_유경종.jpg
",http://sev.iseverance.com/heart/dept_clinic/department/cardiovascular_surgery/doc/docprofile.asp?sno=4484&isClinic=
577,박한기,27,"선천성 심장질환, 심장이식","http://storage.iseverance.com/2009_adm_img/professor_img/박한기(2).jpg
",http://sev.iseverance.com/heart/dept_clinic/department/cardiovascular_surgery/doc/docprofile.asp?sno=364&isClinic=
578,윤영남,27,"관상동맥질환, 심부전 및 심장이식, 대동맥질환(하이브리드 술식)등 후천성 심장질환","http://storage.iseverance.com/2009_adm_img/professor_img/윤영남수정.jpg
",http://sev.iseverance.com/heart/dept_clinic/department/cardiovascular_surgery/doc/docprofile.asp?sno=1668&isClinic=
579,이삭,27,"후천성 심장질환, 심장판막질환, 심장이식","http://storage.iseverance.com/2009_adm_img/professor_img/무제-2 복사.jpg
",http://sev.iseverance.com/heart/dept_clinic/department/cardiovascular_surgery/doc/docprofile.asp?sno=1350&isClinic=
580,주현철,27,"후천성 심장질환, 대동맥 및 말초혈관질환","http://storage.iseverance.com/2009_adm_img/professor_img/교직원_의과대학_흉부외과학교실_주현철.jpg
",http://sev.iseverance.com/heart/dept_clinic/department/cardiovascular_surgery/doc/docprofile.asp?sno=7652&isClinic=
581,이승현,27,"후천성 심장질환, 심장판막질환, 말초혈관질환","http://storage.iseverance.com/2009_adm_img/professor_img/교직원_의과대학_흉부외과학교실_이승현.jpg
",http://sev.iseverance.com/heart/dept_clinic/department/cardiovascular_surgery/doc/docprofile.asp?sno=4540&isClinic=
582,신유림,27,"선천성 심장질환","http://storage.iseverance.com/2009_adm_img/professor_img/신유림(1).jpg
",http://sev.iseverance.com/heart/dept_clinic/department/cardiovascular_surgery/doc/docprofile.asp?sno=13837&isClinic=
590,한승한,28,"사시, 소아안과, 신경안과","http://storage.iseverance.com/2009_adm_img/professor_img/교직원_의과대학_안과학교실_한승한.jpg
",http://sev.iseverance.com/eye_ent/dept_clinic/department/ophthalmology/doc/docprofile.asp?sno=261&isClinic=
591,이성철,28,"망막, 안구종양, 포도막","http://storage.iseverance.com/2009_adm_img/professor_img/교직원_의과대학_안과학교실_이성철.jpg
",http://sev.iseverance.com/eye_ent/dept_clinic/department/ophthalmology/doc/docprofile.asp?sno=258&isClinic=
592,김응권,28,"각막,백내장,수정체,굴절수술레이저클리닉,근시교정(라식)","http://storage.iseverance.com/2009_adm_img/professor_img/교직원_의과대학_안과학교실_김응권.jpg
",http://sev.iseverance.com/eye_ent/dept_clinic/department/ophthalmology/doc/docprofile.asp?sno=254&isClinic=
593,고형준,28,"황반변성(노인성 및 근시성), 맥락막결절(polypoidal Choroidal vasculopathy), 당뇨병, 망막정맥폐쇄, 망막질환의 수술적 치료, 백내장","http://storage.iseverance.com/2009_adm_img/professor_img/교직원_의과대학_안과학교실_고형준.jpg
",http://sev.iseverance.com/eye_ent/dept_clinic/department/ophthalmology/doc/docprofile.asp?sno=252&isClinic=
594,김찬윤,28,"백내장,녹내장","http://storage.iseverance.com/2009_adm_img/professor_img/25기 김찬윤.jpg
",http://sev.iseverance.com/eye_ent/dept_clinic/department/ophthalmology/doc/docprofile.asp?sno=255&isClinic=
595,김성수,28,"망막, 근시, 레이저클리닉","http://storage.iseverance.com/2009_adm_img/professor_img/교직원_의과대학_안과학교실_김성수.jpg
",http://sev.iseverance.com/eye_ent/dept_clinic/department/ophthalmology/doc/docprofile.asp?sno=280&isClinic=
596,서경률,28,"백내장,시력교정수술, 각막결막질환,각막이식, 안구건조증","http://storage.iseverance.com/2009_adm_img/professor_img/seo.jpg
",http://sev.iseverance.com/eye_ent/dept_clinic/department/ophthalmology/doc/docprofile.asp?sno=1046&isClinic=
597,김태임,28,"백내장, 각막, 외안부, 시력교정수술","http://storage.iseverance.com/2009_adm_img/professor_img/교직원_의과대학_안과학교실_김태임.jpg
",http://sev.iseverance.com/eye_ent/dept_clinic/department/ophthalmology/doc/docprofile.asp?sno=1740&isClinic=
598,윤진숙,28,"성형안과, 눈물, 의안, 갑상선안병증, 안와 및 안검 종양, 혈관종, 혈관기형","http://storage.iseverance.com/2009_adm_img/professor_img/교직원_의과대학_안과학교실_윤진숙.jpg
",http://sev.iseverance.com/eye_ent/dept_clinic/department/ophthalmology/doc/docprofile.asp?sno=2832&isClinic=
599,이승규,28,"망막, 포도막, 백내장, 황반변성, 망막혈관질환","http://storage.iseverance.com/2009_adm_img/professor_img/의료진_안과_이승규.jpg
",http://sev.iseverance.com/eye_ent/dept_clinic/department/ophthalmology/doc/docprofile.asp?sno=3138&isClinic=
600,배형원,28,"녹내장, 백내장","http://storage.iseverance.com/2009_adm_img/professor_img/baehyungwon_161108.JPG
",http://sev.iseverance.com/eye_ent/dept_clinic/department/ophthalmology/doc/docprofile.asp?sno=12662&isClinic=
601,강의천,28,"망막질환, 백내장","http://storage.iseverance.com/2009_adm_img/professor_img/강의천 병원용.jpg
",http://sev.iseverance.com/eye_ent/dept_clinic/department/ophthalmology/doc/docprofile.asp?sno=12011&isClinic=
602,변석호,28,"황반변성, 당뇨망막증, 망막전막, 황반원공, 망막정맥폐쇄, 중심망막증, 망막박리, 포도막염, 유전성 망막질환 (망막색소상피변성)","http://storage.iseverance.com/2009_adm_img/professor_img/교직원_의과대학_안과학교실_변석호.jpg
",http://sev.iseverance.com/eye_ent/dept_clinic/department/ophthalmology/doc/docprofile.asp?sno=1656&isClinic=
603,서유리,28,"성형안과, 눈물흘림, 안검하수 및 눈꺼풀 질환 , 의안, 안와 및 안검종양","http://storage.iseverance.com/2009_adm_img/professor_img/서유리님03.jpg
",http://sev.iseverance.com/eye_ent/dept_clinic/department/ophthalmology/doc/docprofile.asp?sno=12837&isClinic=
604,김홍규,28,,"http://storage.iseverance.com/2009_obj_isev/images/professor_no_picture.jpg
",http://sev.iseverance.com/eye_ent/dept_clinic/department/ophthalmology/doc/docprofile.asp?sno=13077&isClinic=
605,임형택,28,"유리체 망막 황반변성, 망막혈관질환, 백내장","http://storage.iseverance.com/2009_adm_img/professor_img/임형택교수.JPG
",http://sev.iseverance.com/eye_ent/dept_clinic/department/ophthalmology/doc/docprofile.asp?sno=13841&isClinic=
606,이상엽,28,"녹내장, 백내장, 시신경질환","http://storage.iseverance.com/2009_adm_img/professor_img/안과_이상엽.jpg
",http://sev.iseverance.com/eye_ent/dept_clinic/department/ophthalmology/doc/docprofile.asp?sno=13842&isClinic=
607,한진우,28,"사시, 소아안과, 신경안과","http://storage.iseverance.com/2009_adm_img/professor_img/한진우교수.jpg
",http://sev.iseverance.com/eye_ent/dept_clinic/department/ophthalmology/doc/docprofile.asp?sno=13879&isClinic=
608,전익현,28,"각막, 백내장","http://storage.iseverance.com/2009_adm_img/professor_img/전익현교수.jpg
",http://sev.iseverance.com/eye_ent/dept_clinic/department/ophthalmology/doc/docprofile.asp?sno=14020&isClinic=
609,최영준,28,"각막, 외안부, 백내장, 굴절수술, 콘택트렌즈","http://storage.iseverance.com/2009_adm_img/professor_img/최영준교수.jpg
",http://sev.iseverance.com/eye_ent/dept_clinic/department/ophthalmology/doc/docprofile.asp?sno=14021&isClinic=
610,김상아,28,녹내장,"http://storage.iseverance.com/2009_adm_img/professor_img/김상아교수.jpg
",http://sev.iseverance.com/eye_ent/dept_clinic/department/ophthalmology/doc/docprofile.asp?sno=14022&isClinic=
611,박찬금,28,"안과, 녹내장","http://storage.iseverance.com/2009_adm_img/professor_img/박찬금교수.jpg
",http://sev.iseverance.com/eye_ent/dept_clinic/department/ophthalmology/doc/docprofile.asp?sno=14023&isClinic=
612,박혜원,28,"사시, 소아안과, 신경안과","http://storage.iseverance.com/2009_adm_img/professor_img/박혜원교수.jpg
",http://sev.iseverance.com/eye_ent/dept_clinic/department/ophthalmology/doc/docprofile.asp?sno=14024&isClinic=
613,송영진,28,,"http://storage.iseverance.com/2009_obj_isev/images/professor_no_picture.jpg
",http://sev.iseverance.com/eye_ent/dept_clinic/department/ophthalmology/doc/docprofile.asp?sno=14025&isClinic=
614,김지원,28,"망막, 백내장","http://storage.iseverance.com/2009_adm_img/professor_img/김지원교수.jpg
",http://sev.iseverance.com/eye_ent/dept_clinic/department/ophthalmology/doc/docprofile.asp?sno=14026&isClinic=
615,이준원,28,"망막, 맥락막, 유리체 질환","http://storage.iseverance.com/2009_adm_img/professor_img/이준원교수.jpg
",http://sev.iseverance.com/eye_ent/dept_clinic/department/ophthalmology/doc/docprofile.asp?sno=14027&isClinic=
616,이광현,28,,"http://storage.iseverance.com/2009_obj_isev/images/professor_no_picture.jpg
",http://sev.iseverance.com/eye_ent/dept_clinic/department/ophthalmology/doc/docprofile.asp?sno=14408&isClinic=
617,고재상,28,"성형안과, 눈물흘림, 안검하수 및 눈꺼풀 질환, 안와 및 안검종양, 안와골절, 의안","http://storage.iseverance.com/2009_adm_img/professor_img/고재상 resized.jpg
",http://sev.iseverance.com/eye_ent/dept_clinic/department/ophthalmology/doc/docprofile.asp?sno=14409&isClinic=
618,김진형,28,,"http://storage.iseverance.com/2009_obj_isev/images/professor_no_picture.jpg
",http://sev.iseverance.com/eye_ent/dept_clinic/department/ophthalmology/doc/docprofile.asp?sno=14410&isClinic=
619,이경식,28,,"http://storage.iseverance.com/2009_obj_isev/images/professor_no_picture.jpg
",http://sev.iseverance.com/eye_ent/dept_clinic/department/ophthalmology/doc/docprofile.asp?sno=14411&isClinic=
621,최은창,29,"<이비인후과> 두경부암(종양),구강암,침샘종양","http://storage.iseverance.com/2009_adm_img/professor_img/교직원_의과대학_이비인후과학교실_최은창.jpg
",http://sev.iseverance.com/eye_ent/dept_clinic/department/otorhinolaryngology/doc/docprofile.asp?sno=277&isClinic=
622,윤주헌,29,"외비성형,부비동염,후각장애,부비동비강암","http://storage.iseverance.com/2009_adm_img/professor_img/이비인후과-윤주헌1.JPG
",http://sev.iseverance.com/eye_ent/dept_clinic/department/otorhinolaryngology/doc/docprofile.asp?sno=272&isClinic=
623,김세헌,29,"<이비인후과> 두경부암(종양),갑상선암,로봇수술,두경부질환","http://storage.iseverance.com/2009_adm_img/professor_img/김세헌.jpg
",http://sev.iseverance.com/eye_ent/dept_clinic/department/otorhinolaryngology/doc/docprofile.asp?sno=268&isClinic=
624,최재영,29,"소아난청,인공와우","http://storage.iseverance.com/2009_adm_img/professor_img/교직원_의과대학_이비인후과학교실_최재영.jpg
",http://sev.iseverance.com/eye_ent/dept_clinic/department/otorhinolaryngology/doc/docprofile.asp?sno=278&isClinic=
625,김창훈,29,"부비동염,외비성형,알레르기","http://storage.iseverance.com/2009_adm_img/professor_img/chkim_1.jpg
",http://sev.iseverance.com/eye_ent/dept_clinic/department/otorhinolaryngology/doc/docprofile.asp?sno=378&isClinic=
626,고윤우,29,"<이비인후과> 두경부암,갑상선암,로봇(내시경)수술,두경부질환,후두 및 음성 질환,혈관종, 혈관기형              목오후:갑상선암센터","http://storage.iseverance.com/2009_adm_img/professor_img/ywgo.jpg
",http://sev.iseverance.com/eye_ent/dept_clinic/department/otorhinolaryngology/doc/docprofile.asp?sno=3347&isClinic=
627,김성헌,29,"어지러움증, 난청, 외이성형","http://storage.iseverance.com/2009_adm_img/professor_img/shkim.jpg
",http://sev.iseverance.com/eye_ent/dept_clinic/department/otorhinolaryngology/doc/docprofile.asp?sno=3047&isClinic=
628,문인석,29,"두개저 종양, 안면마비, 난청, 이명","http://storage.iseverance.com/2009_adm_img/professor_img/교직원_의과대학_이비인후과학교실_문인석.jpg
",http://sev.iseverance.com/eye_ent/dept_clinic/department/otorhinolaryngology/doc/docprofile.asp?sno=12709&isClinic=
629,김원식,29,"<이비인후과> 두경부암(종양),음성질환(후두),갑상선암,두경부재건","http://storage.iseverance.com/2009_adm_img/professor_img/김원식_1.png
",http://sev.iseverance.com/eye_ent/dept_clinic/department/otorhinolaryngology/doc/docprofile.asp?sno=3824&isClinic=
630,박상철,29,비과,"http://storage.iseverance.com/2009_adm_img/professor_img/0183177.jpg
",http://sev.iseverance.com/eye_ent/dept_clinic/department/otorhinolaryngology/doc/docprofile.asp?sno=11635&isClinic=
631,김다희,29,,"http://storage.iseverance.com/2009_obj_isev/images/professor_no_picture.jpg
",http://sev.iseverance.com/eye_ent/dept_clinic/department/otorhinolaryngology/doc/docprofile.asp?sno=12841&isClinic=
632,김주현,29,"두경부암. 후두 및 음성질환","http://storage.iseverance.com/2009_adm_img/professor_img/이비인후과-김주현_2(0).jpg
",http://sev.iseverance.com/eye_ent/dept_clinic/department/otorhinolaryngology/doc/docprofile.asp?sno=13200&isClinic=
633,이은정,29,비과,"http://storage.iseverance.com/2009_adm_img/professor_img/이비인후과-이은정-01.jpg
",http://sev.iseverance.com/eye_ent/dept_clinic/department/otorhinolaryngology/doc/docprofile.asp?sno=13843&isClinic=
634,조형주,29,"<이비인후과> 수면무호흡 및 코골이 수술,부비동질환,알레르기<수면건강센터> 코골이, 수면무호흡증, 수면무호흡 수술, 로봇내시경수술, 소아 수면무호흡, 부비동질환 및  알레르기 ","http://storage.iseverance.com/2009_adm_img/professor_img/조형주198268.jpg
",http://sev.iseverance.com/eye_ent/dept_clinic/department/otorhinolaryngology/doc/docprofile.asp?sno=13881&isClinic=
635,정진세,29,"난청, 유전성 난청, 인공와우, 보청기, 중이이식술, 어지럼증","http://storage.iseverance.com/2009_adm_img/professor_img/jgs.jpg
",http://sev.iseverance.com/eye_ent/dept_clinic/department/otorhinolaryngology/doc/docprofile.asp?sno=13882&isClinic=
636,김우진,29,,"http://storage.iseverance.com/2009_obj_isev/images/professor_no_picture.jpg
",http://sev.iseverance.com/eye_ent/dept_clinic/department/otorhinolaryngology/doc/docprofile.asp?sno=13916&isClinic=
637,한지혁,29,,"http://storage.iseverance.com/2009_obj_isev/images/professor_no_picture.jpg
",http://sev.iseverance.com/eye_ent/dept_clinic/department/otorhinolaryngology/doc/docprofile.asp?sno=14061&isClinic=
638,김진원,29,,"http://storage.iseverance.com/2009_obj_isev/images/professor_no_picture.jpg
",http://sev.iseverance.com/eye_ent/dept_clinic/department/otorhinolaryngology/doc/docprofile.asp?sno=14062&isClinic=
639,이현진,29,,"http://storage.iseverance.com/2009_obj_isev/images/professor_no_picture.jpg
",http://sev.iseverance.com/eye_ent/dept_clinic/department/otorhinolaryngology/doc/docprofile.asp?sno=14425&isClinic=
640,안상현,29,,"http://storage.iseverance.com/2009_obj_isev/images/professor_no_picture.jpg
",http://sev.iseverance.com/eye_ent/dept_clinic/department/otorhinolaryngology/doc/docprofile.asp?sno=14426&isClinic=
